2012/04/18, 13114.56, 13114.56, 13027.49, 13032.75
2012/04/19, 13028.73, 13080.20, 12896.82, 12964.10
2012/04/20, 12964.48, 13082.54, 12964.25, 13029.26
2012/04/23, 13028.20, 13028.20, 12845.58, 12927.17
2012/04/24, 12927.77, 13050.30, 12926.49, 13001.56
2012/04/25, 12997.69, 13105.70, 12993.60, 13090.72
2012/04/26, 13090.11, 13227.82, 13075.96, 13204.62
2012/04/27, 13204.70, 13266.68, 13192.21, 13228.31
2012/04/30, 13228.31, 13228.76, 13176.01, 13213.63
2012/05/01, 13214.16, 13338.66, 13174.65, 13279.32
2012/05/02, 13278.11, 13278.11, 13192.21, 13268.57
2012/05/03, 13267.59, 13284.09, 13175.64, 13206.59
2012/05/04, 13204.62, 13205.00, 13022.34, 13038.27
2012/05/07, 13035.85, 13049.09, 12970.00, 13008.53
2012/05/08, 13000.73, 13000.73, 12810.39, 12932.09
2012/05/09, 12921.81, 12921.81, 12748.48, 12835.06
2012/05/10, 12831.58, 12931.71, 12820.30, 12855.04
2012/05/11, 12851.79, 12918.01, 12779.28, 12820.60
2012/05/14, 12818.49, 12818.86, 12661.48, 12695.35
2012/05/15, 12695.05, 12758.43, 12608.16, 12632.00
2012/05/16, 12617.32, 12722.63, 12597.34, 12598.55
2012/05/17, 12598.32, 12611.42, 12440.52, 12442.49
2012/05/18, 12443.02, 12492.97, 12336.76, 12369.38
2012/05/21, 12369.15, 12508.11, 12367.72, 12504.48
2012/05/22, 12505.38, 12575.96, 12447.33, 12502.81
2012/05/23, 12501.52, 12508.30, 12311.56, 12496.15
2012/05/24, 12491.91, 12539.59, 12419.63, 12529.75
2012/05/25, 12530.74, 12533.12, 12421.53, 12454.83
2012/05/29, 12454.83, 12611.61, 12454.60, 12580.69
2012/05/30, 12579.02, 12579.10, 12396.40, 12419.86
2012/05/31, 12414.41, 12489.87, 12316.48, 12393.45
2012/06/01, 12391.56, 12391.63, 12107.48, 12118.57
2012/06/04, 12119.85, 12143.69, 12035.09, 12101.46
2012/06/05, 12101.08, 12147.55, 12072.17, 12127.95
2012/06/06, 12125.00, 12414.79, 12125.00, 12414.79
2012/06/07, 12416.53, 12555.26, 12416.53, 12460.96
2012/06/08, 12460.81, 12554.20, 12398.44, 12554.20
2012/06/11, 12553.81, 12650.47, 12398.48, 12411.23
2012/06/12, 12412.07, 12577.02, 12411.91, 12573.80
2012/06/13, 12566.38, 12598.25, 12453.69, 12496.38
2012/06/14, 12497.89, 12698.68, 12497.66, 12651.91
2012/06/15, 12652.21, 12774.70, 12651.38, 12767.17
2012/06/18, 12767.02, 12781.93, 12696.18, 12741.82
2012/06/19, 12744.62, 12898.94, 12744.47, 12837.33
2012/06/20, 12837.10, 12877.18, 12744.92, 12824.39
2012/06/21, 12823.10, 12857.39, 12561.46, 12573.57
2012/06/22, 12574.82, 12674.08, 12574.67, 12640.78
2012/06/25, 12639.80, 12639.87, 12458.01, 12502.66
2012/06/26, 12503.57, 12576.41, 12452.03, 12534.67
2012/06/27, 12532.93, 12646.87, 12532.71, 12627.01
2012/06/28, 12626.25, 12626.25, 12450.17, 12602.26
2012/06/29, 12604.60, 12880.39, 12604.53, 12880.09
2012/07/02, 12879.71, 12902.12, 12795.48, 12871.39
2012/07/03, 12868.06, 12946.20, 12845.28, 12943.82
2012/07/05, 12941.85, 12961.30, 12852.24, 12896.67
2012/07/06, 12889.40, 12889.40, 12702.99, 12772.47
2012/07/09, 12772.02, 12772.02, 12686.57, 12736.29
2012/07/10, 12733.87, 12830.29, 12606.91, 12653.12
2012/07/11, 12653.04, 12661.97, 12534.33, 12604.53
2012/07/12, 12602.71, 12630.64, 12492.25, 12573.27
2012/07/13, 12573.73, 12784.73, 12573.04, 12777.09
2012/07/16, 12776.33, 12779.58, 12690.05, 12727.21
2012/07/17, 12728.73, 12829.23, 12645.10, 12805.54
2012/07/18, 12796.98, 12921.94, 12754.61, 12908.70
2012/07/19, 12909.61, 12977.57, 12889.93, 12943.36
2012/07/20, 12942.68, 12942.83, 12810.35, 12822.57
2012/07/23, 12820.45, 12820.45, 12583.41, 12721.46
2012/07/24, 12720.93, 12730.09, 12521.84, 12617.32
2012/07/25, 12617.77, 12732.77, 12617.62, 12676.05
2012/07/26, 12680.59, 12931.22, 12680.59, 12887.93
2012/07/27, 12888.91, 13117.74, 12888.53, 13075.66
2012/07/30, 13075.35, 13128.64, 13042.85, 13073.01
2012/07/31, 13071.72, 13082.66, 13006.48, 13008.68
2012/08/01, 13007.47, 13074.83, 12951.16, 12971.06
2012/08/02, 12969.70, 12969.85, 12778.90, 12878.88
2012/08/03, 12884.82, 13133.18, 12884.82, 13096.17
2012/08/06, 13099.88, 13187.28, 13099.72, 13117.51
2012/08/07, 13118.65, 13215.97, 13118.42, 13168.60
2012/08/08, 13158.10, 13202.65, 13115.24, 13175.64
2012/08/09, 13174.73, 13200.23, 13125.09, 13165.19
2012/08/10, 13163.15, 13208.22, 13094.96, 13207.95
2012/08/13, 13204.93, 13205.01, 13112.94, 13169.43
2012/08/14, 13168.11, 13223.01, 13142.10, 13172.14
2012/08/15, 13157.47, 13192.89, 13138.23, 13164.78
2012/08/16, 13163.24, 13269.35, 13145.85, 13250.11
2012/08/17, 13251.20, 13281.32, 13244.85, 13275.20
2012/08/20, 13274.58, 13276.15, 13230.06, 13271.64
2012/08/21, 13272.10, 13330.76, 13186.60, 13203.58
2012/08/22, 13198.31, 13205.06, 13120.34, 13172.76
2012/08/23, 13171.37, 13171.37, 13046.46, 13057.46
2012/08/24, 13052.82, 13175.51, 13027.20, 13157.97
2012/08/27, 13157.74, 13176.17, 13115.46, 13124.67
2012/08/28, 13122.74, 13147.32, 13081.12, 13102.99
2012/08/29, 13103.46, 13144.81, 13081.27, 13107.48
2012/08/30, 13101.29, 13101.37, 12978.91, 13000.71
2012/08/31, 13002.72, 13151.87, 13002.64, 13090.84
2012/09/04, 13092.15, 13092.39, 12977.09, 13035.94
2012/09/05, 13036.09, 13095.91, 13018.74, 13047.48
2012/09/06, 13045.23, 13294.13, 13045.08, 13292.00
2012/09/07, 13289.53, 13320.27, 13266.22, 13306.64
2012/09/10, 13308.56, 13324.10, 13251.39, 13254.29
2012/09/11, 13254.60, 13354.34, 13253.21, 13323.36
2012/09/12, 13321.62, 13373.62, 13317.52, 13333.35
2012/09/13, 13329.71, 13573.33, 13325.11, 13539.86
2012/09/14, 13540.40, 13653.24, 13533.94, 13593.37
2012/09/17, 13588.57, 13593.15, 13526.67, 13553.10
2012/09/18, 13552.33, 13582.12, 13517.81, 13564.64
2012/09/19, 13565.41, 13626.48, 13556.74, 13577.96
2012/09/20, 13575.17, 13599.02, 13503.00, 13596.93
2012/09/21, 13597.24, 13647.10, 13571.53, 13579.47
2012/09/24, 13577.85, 13601.90, 13521.68, 13558.92
2012/09/25, 13559.92, 13620.21, 13457.25, 13457.55
2012/09/26, 13457.86, 13480.37, 13406.91, 13413.51
2012/09/27, 13413.47, 13522.83, 13413.47, 13485.97
2012/09/28, 13485.89, 13487.66, 13367.27, 13437.13
2012/10/01, 13437.66, 13598.25, 13437.66, 13515.11
2012/10/02, 13515.30, 13567.06, 13424.92, 13482.36
2012/10/03, 13479.21, 13536.27, 13439.12, 13494.61
2012/10/04, 13495.18, 13594.33, 13495.18, 13575.36
2012/10/05, 13569.18, 13661.87, 13568.75, 13610.15
2012/10/08, 13610.38, 13610.38, 13552.09, 13583.65
2012/10/09, 13582.88, 13592.33, 13473.31, 13473.53
2012/10/10, 13473.53, 13478.83, 13327.62, 13344.97
2012/10/11, 13346.28, 13428.49, 13326.12, 13326.39
2012/10/12, 13325.62, 13401.32, 13296.43, 13328.85
2012/10/15, 13329.54, 13437.66, 13325.93, 13424.23
2012/10/16, 13423.84, 13556.37, 13423.76, 13551.78
2012/10/17, 13539.63, 13561.65, 13468.90, 13557.00
2012/10/18, 13553.24, 13588.73, 13510.93, 13548.94
2012/10/19, 13545.33, 13545.49, 13312.22, 13343.51
2012/10/22, 13344.28, 13368.55, 13235.15, 13345.89
2012/10/23, 13344.90, 13344.90, 13083.28, 13102.53
2012/10/24, 13103.53, 13155.21, 13063.63, 13077.34
2012/10/25, 13079.64, 13164.52, 13039.86, 13103.68
2012/10/26, 13104.22, 13151.72, 13040.17, 13107.21
2012/10/30, 13107.21, 13107.21, 13107.21, 13107.21
2012/10/31, 13107.44, 13189.08, 13052.07, 13096.46
2012/11/01, 13099.19, 13273.71, 13099.11, 13232.62
2012/11/02, 13233.39, 13289.45, 13076.57, 13093.16
2012/11/05, 13092.28, 13140.58, 13038.71, 13112.44
2012/11/06, 13113.89, 13290.75, 13112.90, 13245.68
2012/11/07, 13228.24, 13228.32, 12876.60, 12932.73
2012/11/08, 12932.81, 12980.23, 12811.24, 12811.32
2012/11/09, 12811.17, 12890.19, 12743.39, 12815.39
2012/11/12, 12815.93, 12861.28, 12783.00, 12815.08
2012/11/13, 12808.71, 12898.25, 12748.51, 12756.18
2012/11/14, 12746.54, 12797.73, 12542.68, 12570.95
2012/11/15, 12571.10, 12600.59, 12496.56, 12542.38
2012/11/16, 12542.31, 12604.17, 12471.49, 12588.31
2012/11/19, 12590.23, 12796.19, 12590.23, 12795.96
2012/11/20, 12790.89, 12808.56, 12701.07, 12788.51
2012/11/21, 12788.36, 12845.99, 12786.13, 12836.89
2012/11/23, 12833.13, 13011.45, 12832.98, 13009.68
2012/11/26, 13008.30, 13008.45, 12900.17, 12967.37
2012/11/27, 12963.38, 12980.19, 12868.26, 12878.13
2012/11/28, 12875.56, 12989.10, 12765.32, 12985.11
2012/11/29, 12977.35, 13062.56, 12961.92, 13021.82
2012/11/30, 13022.05, 13053.74, 12988.68, 13025.58
2012/12/03, 13027.73, 13087.32, 12959.42, 12965.60
2012/12/04, 12966.45, 13022.51, 12940.07, 12951.78
2012/12/05, 12948.96, 13089.11, 12923.44, 13034.49
2012/12/06, 13026.19, 13076.88, 13007.84, 13074.04
2012/12/07, 13072.87, 13157.28, 13072.87, 13155.13
2012/12/10, 13154.89, 13195.35, 13139.08, 13169.88
2012/12/11, 13170.34, 13306.57, 13170.34, 13248.44
2012/12/12, 13250.05, 13329.44, 13227.44, 13245.45
2012/12/13, 13241.38, 13264.41, 13147.19, 13170.72
2012/12/14, 13170.80, 13190.41, 13118.46, 13135.01
2012/12/17, 13135.17, 13244.33, 13134.63, 13235.39
2012/12/18, 13236.61, 13365.86, 13232.58, 13350.96
2012/12/19, 13351.04, 13357.70, 13251.74, 13251.97
2012/12/20, 13246.67, 13314.64, 13216.03, 13311.72
2012/12/21, 13309.95, 13309.95, 13122.53, 13190.84
2012/12/24, 13190.15, 13190.38, 13128.55, 13139.08
2012/12/26, 13138.85, 13174.88, 13076.87, 13114.59
2012/12/27, 13114.97, 13141.74, 12964.08, 13096.31
2012/12/28, 13095.08, 13095.46, 12926.86, 12938.11
2012/12/31, 12938.19, 13109.13, 12883.89, 13104.14
2013/01/02, 13104.30, 13412.71, 13104.30, 13412.55
2013/01/03, 13413.01, 13430.60, 13358.30, 13391.36
2013/01/04, 13391.05, 13447.11, 13376.23, 13435.21
2013/01/07, 13436.13, 13436.13, 13343.32, 13384.29
2013/01/08, 13377.42, 13377.42, 13293.13, 13328.85
2013/01/09, 13329.92, 13416.55, 13329.08, 13390.51
2013/01/10, 13391.82, 13478.20, 13382.29, 13471.22
2013/01/11, 13471.45, 13496.68, 13439.97, 13488.43
2013/01/14, 13488.43, 13519.95, 13460.47, 13507.32
2013/01/15, 13507.32, 13543.76, 13447.49, 13534.89
2013/01/16, 13534.89, 13534.89, 13468.96, 13511.23
2013/01/17, 13511.23, 13633.45, 13511.23, 13596.02
2013/01/18, 13596.02, 13649.85, 13573.78, 13649.70
2013/01/22, 13649.70, 13712.21, 13626.81, 13712.21
2013/01/23, 13712.21, 13793.60, 13712.21, 13779.33
2013/01/24, 13779.33, 13878.47, 13779.33, 13825.33
2013/01/25, 13825.33, 13895.98, 13825.33, 13895.98
2013/01/28, 13895.98, 13915.72, 13862.57, 13881.93
2013/01/29, 13881.93, 13969.82, 13881.29, 13954.42
2013/01/30, 13954.42, 13964.98, 13900.78, 13910.42
2013/01/31, 13910.42, 13941.06, 13860.58, 13860.58
2013/02/01, 13860.58, 14019.78, 13860.58, 14009.79
2013/02/04, 14009.79, 14009.79, 13866.83, 13880.08
2013/02/05, 13880.08, 14013.60, 13880.08, 13979.30
2013/02/06, 13979.30, 13991.61, 13913.18, 13986.52
2013/02/07, 13986.52, 13988.06, 13852.20, 13944.05
2013/02/08, 13944.05, 14018.42, 13944.05, 13992.97
2013/02/11, 13992.97, 13992.97, 13940.41, 13971.24
2013/02/12, 13971.24, 14038.97, 13968.94, 14018.70
2013/02/13, 14018.70, 14028.57, 13945.93, 13982.91
2013/02/14, 13982.91, 13988.52, 13924.69, 13973.39
2013/02/15, 13973.39, 14000.13, 13908.11, 13981.76
2013/02/19, 13981.76, 14043.30, 13980.90, 14035.67
2013/02/20, 14035.67, 14056.40, 13921.82, 13927.54
2013/02/21, 13927.54, 13927.54, 13837.02, 13880.62
2013/02/22, 13880.62, 14001.04, 13880.62, 14000.57
2013/02/25, 14000.57, 14081.58, 13784.01, 13784.17
2013/02/26, 13784.17, 13918.44, 13784.17, 13900.13
2013/02/27, 13900.13, 14104.48, 13885.88, 14075.37
2013/02/28, 14075.37, 14149.15, 14050.18, 14054.49
2013/03/01, 14054.49, 14107.09, 13937.60, 14089.66
2013/03/04, 14089.66, 14128.21, 14030.37, 14127.82
2013/03/05, 14127.82, 14286.37, 14127.82, 14253.77
2013/03/06, 14253.77, 14320.65, 14253.00, 14296.24
2013/03/07, 14296.24, 14354.69, 14296.24, 14329.49
2013/03/08, 14329.49, 14413.17, 14329.49, 14397.07
2013/03/11, 14397.07, 14448.06, 14373.32, 14447.29
2013/03/12, 14447.29, 14478.80, 14412.06, 14450.06
2013/03/13, 14450.06, 14472.80, 14411.66, 14455.28
2013/03/14, 14455.28, 14539.29, 14455.28, 14539.14
2013/03/15, 14539.14, 14539.14, 14470.50, 14514.11
2013/03/18, 14514.11, 14521.59, 14404.21, 14452.06
2013/03/19, 14452.06, 14514.34, 14382.09, 14455.82
2013/03/20, 14455.82, 14546.82, 14455.82, 14511.73
2013/03/21, 14511.73, 14511.73, 14383.02, 14421.49
2013/03/22, 14421.49, 14519.95, 14421.49, 14512.03
2013/03/25, 14512.03, 14563.75, 14395.00, 14447.75
2013/03/26, 14447.75, 14561.54, 14447.75, 14559.65
2013/03/27, 14559.65, 14559.65, 14439.55, 14526.16
2013/03/28, 14526.16, 14585.10, 14520.86, 14578.54
2013/04/01, 14578.54, 14605.72, 14531.48, 14572.85
2013/04/02, 14572.85, 14684.49, 14572.85, 14662.01
2013/04/03, 14662.01, 14683.13, 14525.36, 14550.35
2013/04/04, 14550.35, 14625.24, 14538.72, 14606.11
2013/04/05, 14606.11, 14606.11, 14434.43, 14565.25
2013/04/08, 14565.25, 14613.48, 14497.80, 14613.48
2013/04/09, 14613.48, 14716.46, 14598.50, 14673.46
2013/04/10, 14673.46, 14826.66, 14673.46, 14802.24
2013/04/11, 14802.24, 14887.51, 14785.36, 14865.14
2013/04/12, 14865.14, 14865.21, 14790.57, 14865.06
2013/04/15, 14865.06, 14865.06, 14598.58, 14599.20
2013/04/16, 14599.20, 14761.73, 14599.20, 14756.78
2013/04/17, 14756.78, 14756.78, 14560.81, 14618.59
2013/04/18, 14618.59, 14650.26, 14495.29, 14537.14
2013/04/19, 14537.14, 14553.73, 14444.03, 14547.51
2013/04/22, 14547.51, 14588.83, 14457.60, 14567.17
2013/04/23, 14567.17, 14721.42, 14554.29, 14719.46
2013/04/24, 14719.46, 14747.42, 14666.54, 14676.30
2013/04/25, 14676.30, 14768.05, 14665.45, 14700.80
2013/04/26, 14700.80, 14743.49, 14684.82, 14712.55
2013/04/29, 14712.55, 14844.96, 14712.55, 14818.75
2013/04/30, 14818.75, 14839.80, 14734.47, 14839.80
2013/05/01, 14839.80, 14839.80, 14687.05, 14700.95
2013/05/02, 14700.95, 14834.63, 14700.95, 14831.58
2013/05/03, 14831.58, 15009.59, 14831.58, 14973.96
2013/05/06, 14973.96, 14988.87, 14941.09, 14968.89
2013/05/07, 14968.89, 15056.67, 14968.89, 15056.20
2013/05/08, 15056.20, 15106.81, 15021.87, 15105.12
2013/05/09, 15105.12, 15144.83, 15046.87, 15082.62
2013/05/10, 15082.62, 15118.49, 15038.18, 15118.49
2013/05/13, 15113.42, 15113.42, 15053.46, 15091.68
2013/05/14, 15092.15, 15219.55, 15089.30, 15215.25
2013/05/15, 15211.87, 15301.34, 15175.39, 15275.69
2013/05/16, 15273.92, 15302.49, 15215.82, 15233.22
2013/05/17, 15234.75, 15357.40, 15234.75, 15354.40
2013/05/20, 15348.33, 15391.84, 15314.15, 15335.28
2013/05/21, 15334.97, 15434.50, 15325.68, 15387.58
2013/05/22, 15387.12, 15542.40, 15265.96, 15307.17
2013/05/23, 15300.57, 15348.41, 15180.23, 15294.50
2013/05/24, 15290.74, 15306.71, 15199.63, 15303.10
2013/05/28, 15307.33, 15521.49, 15307.33, 15409.39
2013/05/29, 15399.94, 15400.25, 15229.53, 15302.80
2013/05/30, 15306.02, 15398.70, 15280.99, 15324.53
2013/05/31, 15322.22, 15392.38, 15115.57, 15115.57
2013/06/03, 15123.55, 15254.11, 15123.55, 15254.03
2013/06/04, 15255.22, 15304.98, 15100.78, 15177.54
2013/06/05, 15168.10, 15168.63, 14945.57, 14960.59
2013/06/06, 14955.45, 15040.62, 14844.22, 15040.62
2013/06/07, 15044.46, 15255.58, 15044.46, 15248.12
2013/06/10, 15247.81, 15300.64, 15211.25, 15238.59
2013/06/11, 15231.38, 15251.07, 15086.09, 15122.02
2013/06/12, 15130.39, 15241.28, 14981.21, 14995.23
2013/06/13, 14992.54, 15202.27, 14953.45, 15176.08
2013/06/14, 15178.08, 15205.92, 15044.80, 15070.18
2013/06/17, 15078.71, 15261.71, 15078.71, 15179.85
2013/06/18, 15186.30, 15340.09, 15186.30, 15318.23
2013/06/19, 15315.47, 15322.07, 15112.11, 15112.19
2013/06/20, 15105.51, 15105.51, 14732.03, 14758.32
2013/06/21, 14760.62, 14858.56, 14688.43, 14799.40
2013/06/24, 14795.79, 14795.79, 14551.27, 14659.56
2013/06/25, 14669.69, 14812.03, 14669.69, 14760.31
2013/06/26, 14769.99, 14938.98, 14769.68, 14910.14
2013/06/27, 14921.28, 15075.01, 14921.28, 15024.49
2013/06/28, 15016.58, 15034.63, 14884.80, 14909.60
2013/07/01, 14911.60, 15083.28, 14911.60, 14974.96
2013/07/02, 14973.04, 15049.22, 14870.51, 14932.41
2013/07/03, 14923.73, 15025.90, 14858.93, 14988.55
2013/07/05, 14995.46, 15137.51, 14971.20, 15135.84
2013/07/08, 15137.22, 15262.72, 15137.22, 15224.69
2013/07/09, 15228.46, 15320.42, 15228.46, 15300.34
2013/07/10, 15298.03, 15348.95, 15258.89, 15291.66
2013/07/11, 15298.00, 15483.55, 15298.00, 15460.92
2013/07/12, 15460.69, 15498.39, 15410.27, 15464.30
2013/07/15, 15459.69, 15509.48, 15455.77, 15484.26
2013/07/16, 15485.03, 15498.16, 15415.71, 15451.85
2013/07/17, 15456.92, 15502.00, 15438.12, 15470.52
2013/07/18, 15465.91, 15589.40, 15465.91, 15548.54
2013/07/19, 15524.27, 15544.55, 15491.96, 15543.74
2013/07/22, 15543.97, 15576.21, 15516.20, 15545.55
2013/07/23, 15547.00, 15604.22, 15544.06, 15567.74
2013/07/24, 15576.69, 15602.60, 15496.84, 15542.24
2013/07/25, 15539.17, 15560.33, 15455.59, 15555.61
2013/07/26, 15547.85, 15560.97, 15405.16, 15558.83
2013/07/29, 15557.14, 15557.14, 15482.27, 15521.97
2013/07/30, 15534.49, 15593.91, 15479.13, 15520.59
2013/07/31, 15528.57, 15634.32, 15492.96, 15499.54
2013/08/01, 15503.85, 15650.69, 15503.85, 15628.02
2013/08/02, 15627.56, 15658.43, 15558.68, 15658.36
2013/08/05, 15651.98, 15655.21, 15584.83, 15612.13
2013/08/06, 15608.44, 15608.44, 15473.40, 15518.74
2013/08/07, 15516.21, 15516.21, 15421.75, 15470.67
2013/08/08, 15477.27, 15557.12, 15418.60, 15498.32
2013/08/09, 15496.63, 15507.76, 15346.65, 15425.51
2013/08/12, 15415.22, 15441.75, 15359.93, 15419.68
2013/08/13, 15420.68, 15504.14, 15342.34, 15451.01
2013/08/14, 15447.71, 15453.08, 15316.62, 15337.66
2013/08/15, 15332.71, 15332.71, 15094.03, 15112.19
2013/08/16, 15112.57, 15139.77, 15054.38, 15081.47
2013/08/19, 15076.79, 15106.39, 15005.42, 15010.74
2013/08/20, 15011.82, 15074.92, 14992.16, 15002.99
2013/08/21, 14993.81, 15019.70, 14880.84, 14897.55
2013/08/22, 14908.60, 14989.12, 14899.00, 14963.74
2013/08/23, 14988.78, 15025.56, 14931.24, 15010.51
2013/08/26, 15014.58, 15049.98, 14945.24, 14946.46
2013/08/27, 14939.25, 14939.25, 14765.42, 14776.13
2013/08/28, 14770.99, 14867.40, 14760.41, 14824.51
2013/08/29, 14817.91, 14916.01, 14792.11, 14840.95
2013/08/30, 14844.10, 14848.24, 14762.35, 14810.31
2013/09/03, 14801.55, 14933.35, 14777.48, 14833.96
2013/09/04, 14832.42, 14956.74, 14799.09, 14930.87
2013/09/05, 14929.49, 14987.47, 14923.27, 14937.48
2013/09/06, 14941.55, 15009.84, 14789.40, 14922.50
2013/09/09, 14927.19, 15088.41, 14927.19, 15063.12
2013/09/10, 15067.23, 15192.13, 15067.23, 15191.06
2013/09/11, 15194.13, 15326.60, 15194.13, 15326.60
2013/09/12, 15327.14, 15345.32, 15283.26, 15300.64
2013/09/13, 15312.86, 15380.97, 15312.86, 15376.06
2013/09/16, 15381.36, 15549.87, 15381.36, 15494.78
2013/09/17, 15503.15, 15555.07, 15503.15, 15529.73
2013/09/18, 15533.03, 15709.58, 15470.16, 15676.94
2013/09/19, 15677.86, 15695.89, 15625.45, 15636.55
2013/09/20, 15635.09, 15654.77, 15448.09, 15451.09
2013/09/23, 15452.31, 15466.95, 15368.25, 15401.38
2013/09/24, 15402.54, 15433.75, 15327.14, 15334.59
2013/09/25, 15339.02, 15372.48, 15253.16, 15273.26
2013/09/26, 15274.42, 15387.19, 15274.42, 15328.30
2013/09/27, 15317.45, 15317.45, 15211.81, 15258.24
2013/09/30, 15249.82, 15249.82, 15086.71, 15129.67
2013/10/01, 15132.49, 15208.40, 15110.34, 15191.70
2013/10/02, 15182.65, 15182.65, 15044.71, 15133.14
2013/10/03, 15127.23, 15127.23, 14947.03, 14996.48
2013/10/04, 14994.68, 15083.99, 14972.33, 15072.58
2013/10/07, 15069.30, 15069.30, 14920.83, 14936.24
2013/10/08, 14938.04, 14938.04, 14773.47, 14776.53
2013/10/09, 14778.19, 14852.50, 14719.43, 14802.98
2013/10/10, 14806.39, 15126.07, 14806.39, 15126.07
2013/10/11, 15126.52, 15237.30, 15100.13, 15237.11
2013/10/14, 15231.33, 15309.48, 15136.38, 15301.26
2013/10/15, 15300.30, 15301.91, 15161.33, 15168.01
2013/10/16, 15170.70, 15374.15, 15170.70, 15373.83
2013/10/17, 15369.46, 15376.11, 15229.02, 15371.65
2013/10/18, 15371.71, 15412.97, 15321.81, 15399.65
2013/10/21, 15401.32, 15410.18, 15362.66, 15392.20
2013/10/22, 15394.22, 15518.10, 15394.22, 15467.66
2013/10/23, 15465.34, 15465.66, 15366.19, 15413.33
2013/10/24, 15414.87, 15528.63, 15414.13, 15509.21
2013/10/25, 15523.72, 15570.60, 15512.96, 15570.28
2013/10/28, 15569.19, 15599.09, 15533.48, 15568.93
2013/10/29, 15572.21, 15683.08, 15572.21, 15680.35
2013/10/30, 15680.74, 15721.00, 15574.52, 15618.76
2013/10/31, 15619.92, 15651.86, 15544.69, 15545.75
2013/11/01, 15558.01, 15649.40, 15543.25, 15615.55
2013/11/04, 15621.20, 15658.90, 15588.48, 15639.12
2013/11/05, 15631.22, 15651.89, 15522.18, 15618.22
2013/11/06, 15628.72, 15750.29, 15628.72, 15746.88
2013/11/07, 15751.31, 15797.68, 15586.33, 15593.98
2013/11/08, 15591.54, 15764.29, 15579.35, 15761.78
2013/11/11, 15759.28, 15791.45, 15737.22, 15783.10
2013/11/12, 15773.15, 15793.38, 15708.29, 15750.67
2013/11/13, 15739.50, 15822.98, 15672.00, 15821.63
2013/11/14, 15806.22, 15884.99, 15798.74, 15876.22
2013/11/15, 15876.16, 15962.98, 15875.90, 15961.70
2013/11/18, 15962.72, 16030.28, 15942.17, 15976.02
2013/11/19, 15974.06, 16025.85, 15943.78, 15967.03
2013/11/20, 15971.20, 16016.85, 15865.37, 15900.82
2013/11/21, 15908.07, 16016.04, 15908.07, 16009.99
2013/11/22, 16008.71, 16068.78, 15976.27, 16064.77
2013/11/25, 16072.09, 16109.63, 16055.46, 16072.54
2013/11/26, 16070.93, 16120.25, 16070.93, 16072.80
2013/11/27, 16073.37, 16107.99, 16057.34, 16097.33
2013/11/29, 16105.16, 16174.51, 16074.14, 16086.41
2013/12/02, 16087.12, 16098.00, 15986.23, 16008.77
2013/12/03, 16004.72, 16004.72, 15859.68, 15914.62
2013/12/04, 15910.51, 15960.36, 15791.29, 15889.77
2013/12/05, 15886.50, 15896.19, 15809.37, 15821.51
2013/12/06, 15825.55, 16022.35, 15825.55, 16020.20
2013/12/09, 16019.49, 16058.40, 16015.29, 16025.53
2013/12/10, 16024.12, 16029.06, 15969.53, 15973.13
2013/12/11, 15970.75, 15997.22, 15827.70, 15843.53
2013/12/12, 15844.82, 15845.11, 15703.79, 15739.43
2013/12/13, 15745.66, 15792.80, 15717.92, 15755.36
2013/12/16, 15759.60, 15930.31, 15759.60, 15884.57
2013/12/17, 15884.06, 15917.96, 15836.45, 15875.26
2013/12/18, 15876.57, 16173.04, 15808.92, 16167.97
2013/12/19, 16162.51, 16194.72, 16121.54, 16179.08
2013/12/20, 16178.57, 16287.84, 16178.57, 16221.14
2013/12/23, 16225.25, 16318.11, 16225.25, 16294.61
2013/12/24, 16295.70, 16360.60, 16295.70, 16357.55
2013/12/26, 16370.97, 16483.00, 16370.97, 16479.88
2013/12/27, 16486.37, 16529.01, 16461.23, 16478.41
2013/12/30, 16484.51, 16504.35, 16476.87, 16504.29
2013/12/31, 16512.38, 16588.25, 16511.48, 16576.66
2014/01/02, 16572.17, 16573.07, 16416.49, 16441.35
2014/01/03, 16456.89, 16518.74, 16439.30, 16469.99
2014/01/06, 16474.04, 16532.99, 16405.52, 16425.10
2014/01/07, 16429.02, 16562.32, 16429.02, 16530.94
2014/01/08, 16527.66, 16528.88, 16416.69, 16462.74
2014/01/09, 16471.41, 16525.35, 16378.61, 16444.76
2014/01/10, 16453.62, 16487.65, 16379.02, 16437.05
2014/01/13, 16434.03, 16453.13, 16240.60, 16257.94
2014/01/14, 16261.99, 16373.92, 16260.83, 16373.86
2014/01/15, 16378.03, 16505.28, 16376.78, 16481.94
2014/01/16, 16477.70, 16477.70, 16375.56, 16417.01
2014/01/17, 16408.02, 16495.26, 16378.80, 16458.56
2014/01/21, 16459.27, 16520.60, 16316.25, 16414.44
2014/01/22, 16420.48, 16453.49, 16332.98, 16373.34
2014/01/23, 16371.99, 16372.96, 16140.58, 16197.35
2014/01/24, 16203.29, 16203.29, 15879.11, 15879.11
2014/01/27, 15879.05, 15942.77, 15783.55, 15837.88
2014/01/28, 15840.84, 15945.89, 15840.84, 15928.56
2014/01/29, 15927.08, 15927.08, 15708.98, 15738.79
2014/01/30, 15743.03, 15907.53, 15733.27, 15848.61
2014/01/31, 15847.19, 15847.19, 15617.55, 15698.85
2014/02/03, 15697.69, 15708.54, 15356.17, 15372.80
2014/02/04, 15372.93, 15481.85, 15356.62, 15445.24
2014/02/05, 15443.00, 15478.21, 15340.69, 15440.23
2014/02/06, 15443.83, 15632.09, 15443.00, 15628.53
2014/02/07, 15630.64, 15798.51, 15625.53, 15794.08
2014/02/10, 15793.63, 15801.79, 15733.69, 15801.79
2014/02/11, 15804.17, 16027.19, 15803.40, 15994.77
2014/02/12, 15993.04, 16036.56, 15928.75, 15963.94
2014/02/13, 15946.99, 16039.37, 15863.25, 16027.59
2014/02/14, 16018.08, 16175.55, 15985.39, 16154.39
2014/02/18, 16153.97, 16167.33, 16107.04, 16130.40
2014/02/19, 16126.23, 16225.72, 16031.66, 16040.56
2014/02/20, 16044.15, 16161.64, 16006.59, 16133.23
2014/02/21, 16135.92, 16191.92, 16093.80, 16103.30
2014/02/24, 16102.27, 16300.04, 16102.27, 16207.14
2014/02/25, 16207.34, 16254.26, 16147.25, 16179.66
2014/02/26, 16180.36, 16252.35, 16155.86, 16198.41
2014/02/27, 16197.70, 16276.28, 16159.81, 16272.65
2014/02/28, 16273.23, 16398.95, 16226.09, 16321.71
2014/03/03, 16321.71, 16321.71, 16071.25, 16168.03
2014/03/04, 16169.32, 16419.49, 16169.32, 16395.88
2014/03/05, 16395.88, 16406.55, 16343.96, 16360.18
2014/03/06, 16360.56, 16450.17, 16360.56, 16421.89
2014/03/07, 16424.53, 16505.70, 16398.86, 16452.72
2014/03/10, 16453.10, 16453.10, 16334.20, 16418.68
2014/03/11, 16419.39, 16460.33, 16325.17, 16351.25
2014/03/12, 16350.67, 16364.74, 16260.03, 16340.08
2014/03/13, 16341.55, 16405.07, 16084.10, 16108.89
2014/03/14, 16106.32, 16165.05, 16046.99, 16065.67
2014/03/17, 16066.37, 16270.34, 16066.37, 16247.22
2014/03/18, 16245.93, 16369.94, 16245.93, 16336.19
2014/03/19, 16335.71, 16363.32, 16126.29, 16222.17
2014/03/20, 16221.98, 16353.98, 16160.33, 16331.05
2014/03/21, 16332.69, 16456.45, 16290.79, 16302.77
2014/03/24, 16303.28, 16380.51, 16215.56, 16276.69
2014/03/25, 16279.20, 16407.18, 16279.20, 16367.88
2014/03/26, 16370.71, 16466.04, 16268.99, 16268.99
2014/03/27, 16268.67, 16300.94, 16191.79, 16264.23
2014/03/28, 16267.77, 16414.86, 16267.77, 16323.06
2014/03/31, 16324.22, 16480.85, 16324.22, 16457.66
2014/04/01, 16458.05, 16565.73, 16457.60, 16532.61
2014/04/02, 16532.80, 16588.19, 16506.60, 16573.00
2014/04/03, 16572.36, 16604.15, 16527.60, 16572.55
2014/04/04, 16576.02, 16631.63, 16392.77, 16412.71
2014/04/07, 16414.15, 16421.38, 16244.01, 16245.87
2014/04/08, 16245.16, 16296.86, 16180.28, 16256.14
2014/04/09, 16256.37, 16438.82, 16256.37, 16437.18
2014/04/10, 16437.24, 16456.12, 16153.34, 16170.22
2014/04/11, 16168.87, 16168.87, 16015.32, 16026.75
2014/04/14, 16028.29, 16184.76, 16028.29, 16173.24
2014/04/15, 16173.49, 16272.95, 16063.20, 16262.56
2014/04/16, 16266.23, 16424.85, 16266.23, 16424.85
2014/04/17, 16424.14, 16460.49, 16368.14, 16408.54
2014/04/21, 16408.92, 16459.78, 16402.08, 16449.25
2014/04/22, 16449.38, 16565.71, 16449.38, 16514.37
2014/04/23, 16513.73, 16525.99, 16477.28, 16501.65
2014/04/24, 16503.39, 16541.26, 16452.30, 16501.65
2014/04/25, 16503.26, 16503.26, 16333.78, 16361.46
2014/04/28, 16363.20, 16500.37, 16312.66, 16448.74
2014/04/29, 16451.18, 16559.39, 16451.18, 16535.37
2014/04/30, 16534.86, 16592.28, 16510.87, 16580.84
2014/05/01, 16580.26, 16604.79, 16525.25, 16558.87
2014/05/02, 16562.34, 16620.06, 16488.31, 16512.89
2014/05/05, 16509.75, 16547.92, 16377.09, 16530.55
2014/05/06, 16529.85, 16529.85, 16399.99, 16401.02
2014/05/07, 16401.66, 16522.94, 16357.35, 16518.54
2014/05/08, 16518.16, 16622.95, 16502.01, 16550.97
2014/05/09, 16551.23, 16588.77, 16498.71, 16583.34
2014/05/12, 16584.82, 16704.84, 16584.82, 16695.47
2014/05/13, 16695.92, 16735.51, 16695.92, 16715.44
2014/05/14, 16716.08, 16717.56, 16595.00, 16613.97
2014/05/15, 16613.52, 16622.90, 16397.46, 16446.81
2014/05/16, 16447.32, 16498.99, 16414.32, 16491.31
2014/05/19, 16490.35, 16526.26, 16442.12, 16511.86
2014/05/20, 16511.22, 16511.22, 16341.30, 16374.31
2014/05/21, 16376.17, 16544.60, 16376.17, 16533.06
2014/05/22, 16532.74, 16565.39, 16489.61, 16543.08
2014/05/23, 16544.49, 16613.07, 16544.49, 16606.27
2014/05/27, 16607.42, 16688.69, 16607.42, 16675.50
2014/05/28, 16674.98, 16674.98, 16620.22, 16633.18
2014/05/29, 16637.74, 16698.74, 16620.43, 16698.74
2014/05/30, 16697.33, 16721.22, 16648.85, 16717.17
2014/06/02, 16716.85, 16756.64, 16682.07, 16743.63
2014/06/03, 16736.70, 16736.70, 16690.01, 16722.34
2014/06/04, 16720.00, 16742.91, 16673.65, 16737.53
2014/06/05, 16739.14, 16845.81, 16709.95, 16836.11
2014/06/06, 16839.64, 16924.28, 16839.64, 16924.28
2014/06/09, 16926.08, 16970.17, 16912.92, 16943.10
2014/06/10, 16940.40, 16946.34, 16897.44, 16945.92
2014/06/11, 16943.16, 16943.16, 16821.85, 16843.88
2014/06/12, 16840.48, 16841.57, 16703.73, 16734.19
2014/06/13, 16734.64, 16787.89, 16718.60, 16775.74
2014/06/16, 16765.56, 16802.14, 16722.86, 16781.01
2014/06/17, 16779.21, 16823.55, 16732.91, 16808.49
2014/06/18, 16806.12, 16911.41, 16755.29, 16906.62
2014/06/19, 16909.90, 16923.43, 16858.88, 16921.46
2014/06/20, 16920.62, 16978.02, 16920.62, 16947.08
2014/06/23, 16946.50, 16954.27, 16896.09, 16937.26
2014/06/24, 16934.62, 16969.70, 16805.23, 16818.13
2014/06/25, 16817.68, 16883.54, 16799.41, 16867.51
2014/06/26, 16866.81, 16872.52, 16746.09, 16846.13
2014/06/27, 16846.90, 16862.73, 16773.84, 16851.84
2014/06/30, 16852.49, 16871.27, 16801.94, 16826.60
2014/07/01, 16828.53, 16998.70, 16828.53, 16956.07
2014/07/02, 16949.71, 16986.63, 16949.71, 16976.24
2014/07/03, 16979.00, 17074.65, 16979.00, 17068.26
2014/07/07, 17063.83, 17063.83, 16992.45, 17024.21
2014/07/08, 17022.09, 17022.09, 16874.79, 16906.62
2014/07/09, 16916.83, 16998.95, 16913.81, 16985.61
2014/07/10, 16980.35, 16980.35, 16805.38, 16915.07
2014/07/11, 16918.31, 16949.46, 16860.30, 16943.81
2014/07/14, 16950.93, 17088.43, 16950.93, 17055.42
2014/07/15, 17055.03, 17120.34, 17006.39, 17060.68
2014/07/16, 17061.91, 17139.35, 17061.91, 17138.20
2014/07/17, 17133.45, 17151.56, 16966.19, 16976.81
2014/07/18, 16978.16, 17113.51, 16977.52, 17100.18
2014/07/21, 17095.11, 17095.11, 16974.34, 17051.73
2014/07/22, 17054.97, 17133.43, 17040.13, 17113.54
2014/07/23, 17117.01, 17121.05, 17058.05, 17086.63
2014/07/24, 17092.02, 17119.83, 17061.07, 17083.80
2014/07/25, 17079.50, 17082.33, 16915.65, 16960.57
2014/07/28, 16956.91, 17001.38, 16877.72, 16982.59
2014/07/29, 16984.33, 17056.46, 16912.11, 16912.11
2014/07/30, 16920.11, 16983.94, 16817.16, 16880.36
2014/07/31, 16869.63, 16869.63, 16563.30, 16563.30
2014/08/01, 16561.70, 16584.75, 16437.07, 16493.37
2014/08/04, 16493.72, 16596.22, 16447.20, 16569.28
2014/08/05, 16559.97, 16559.97, 16369.55, 16429.47
2014/08/06, 16425.10, 16490.70, 16372.32, 16443.34
2014/08/07, 16448.29, 16504.35, 16333.78, 16368.27
2014/08/08, 16369.68, 16556.59, 16364.22, 16553.93
2014/08/11, 16557.27, 16627.99, 16557.27, 16569.98
2014/08/12, 16565.55, 16589.31, 16518.06, 16560.54
2014/08/13, 16567.54, 16670.29, 16567.54, 16651.80
2014/08/14, 16657.32, 16714.22, 16651.67, 16713.58
2014/08/15, 16717.01, 16775.27, 16575.42, 16662.91
2014/08/18, 16664.45, 16840.28, 16664.45, 16838.74
2014/08/19, 16839.06, 16929.13, 16839.06, 16919.59
2014/08/20, 16910.03, 16994.89, 16896.55, 16979.13
2014/08/21, 16983.88, 17074.59, 16983.88, 17039.49
2014/08/22, 17038.27, 17064.28, 16984.52, 17001.22
2014/08/25, 17011.81, 17124.74, 17011.81, 17076.87
2014/08/26, 17079.57, 17153.80, 17079.57, 17106.70
2014/08/27, 17111.03, 17134.60, 17090.61, 17122.01
2014/08/28, 17119.06, 17119.06, 17018.33, 17079.57
2014/08/29, 17083.42, 17110.42, 17035.38, 17098.45
2014/09/02, 17097.42, 17113.51, 17009.07, 17067.56
2014/09/03, 17067.24, 17151.89, 17060.21, 17078.28
2014/09/04, 17083.61, 17161.55, 17030.12, 17069.58
2014/09/05, 17065.89, 17137.36, 17009.62, 17137.36
2014/09/08, 17131.71, 17137.88, 17079.17, 17111.42
2014/09/09, 17110.39, 17111.55, 16993.29, 17013.87
2014/09/10, 17016.05, 17080.27, 16974.57, 17068.71
2014/09/11, 17057.41, 17057.41, 16983.88, 17049.00
2014/09/12, 17044.05, 17044.05, 16937.67, 16987.51
2014/09/15, 16988.76, 17051.85, 16951.38, 17031.14
2014/09/16, 17027.16, 17167.05, 16985.55, 17131.97
2014/09/17, 17131.01, 17221.11, 17089.01, 17156.85
2014/09/18, 17163.73, 17275.37, 17163.73, 17265.99
2014/09/19, 17267.21, 17350.64, 17257.46, 17279.74
2014/09/22, 17271.71, 17277.88, 17159.36, 17172.68
2014/09/23, 17165.91, 17171.88, 17055.87, 17055.87
2014/09/24, 17056.64, 17226.60, 17033.93, 17210.06
2014/09/25, 17204.86, 17204.86, 16945.80, 16945.80
2014/09/26, 16948.62, 17148.15, 16948.11, 17113.15
2014/09/29, 17107.69, 17107.69, 16934.43, 17071.22
2014/09/30, 17070.45, 17145.10, 17017.11, 17042.90
2014/10/01, 17040.46, 17041.16, 16776.13, 16804.71
2014/10/02, 16808.27, 16857.25, 16674.04, 16801.05
2014/10/03, 16802.20, 17027.84, 16802.20, 17009.69
2014/10/06, 17010.34, 17099.39, 16930.38, 16991.91
2014/10/07, 16988.25, 16988.25, 16715.79, 16719.39
2014/10/08, 16718.65, 17006.91, 16663.26, 16994.22
2014/10/09, 16989.37, 16989.37, 16649.04, 16659.25
2014/10/10, 16654.88, 16757.60, 16543.91, 16544.10
2014/10/13, 16535.43, 16602.41, 16310.47, 16321.07
2014/10/14, 16321.90, 16463.67, 16273.64, 16315.19
2014/10/15, 16313.30, 16313.30, 15855.12, 16141.74
2014/10/16, 16137.14, 16211.12, 15935.22, 16117.24
2014/10/17, 16118.39, 16427.38, 16118.39, 16380.41
2014/10/20, 16373.15, 16401.63, 16260.54, 16399.67
2014/10/21, 16406.03, 16620.78, 16405.77, 16614.81
2014/10/22, 16615.26, 16653.89, 16459.85, 16461.32
2014/10/23, 16468.07, 16767.52, 16468.07, 16677.90
2014/10/24, 16677.04, 16811.71, 16649.72, 16805.41
2014/10/27, 16796.10, 16836.98, 16729.83, 16817.94
2014/10/28, 16825.19, 17006.45, 16825.19, 17005.75
2014/10/29, 17005.07, 17065.50, 16895.38, 16974.31
2014/10/30, 16968.14, 17223.96, 16920.76, 17195.42
2014/10/31, 17208.78, 17395.54, 17208.78, 17390.52
2014/11/03, 17390.90, 17410.65, 17339.85, 17366.24
2014/11/04, 17368.81, 17397.23, 17278.36, 17383.84
2014/11/05, 17385.76, 17486.59, 17385.76, 17484.53
2014/11/06, 17491.66, 17560.31, 17440.35, 17554.47
2014/11/07, 17558.58, 17575.33, 17493.37, 17573.93
2014/11/10, 17568.98, 17621.87, 17547.51, 17613.74
2014/11/11, 17615.64, 17638.21, 17584.94, 17614.90
2014/11/12, 17604.75, 17626.71, 17536.17, 17612.20
2014/11/13, 17618.69, 17705.48, 17583.88, 17652.79
2014/11/14, 17653.11, 17664.15, 17613.20, 17634.74
2014/11/17, 17631.85, 17675.07, 17606.81, 17647.75
2014/11/18, 17643.09, 17735.71, 17642.03, 17687.82
2014/11/19, 17685.51, 17712.26, 17624.50, 17685.73
2014/11/20, 17677.32, 17720.44, 17603.89, 17719.00
2014/11/21, 17721.02, 17894.83, 17721.02, 17810.06
2014/11/24, 17812.63, 17855.27, 17793.19, 17817.90
2014/11/25, 17819.05, 17854.73, 17790.89, 17814.94
2014/11/26, 17812.25, 17833.76, 17791.16, 17827.75
2014/11/28, 17830.55, 17893.42, 17807.78, 17828.24
2014/12/01, 17827.27, 17827.27, 17726.55, 17776.80
2014/12/02, 17778.85, 17897.05, 17778.85, 17879.55
2014/12/03, 17880.90, 17924.15, 17855.59, 17912.62
2014/12/04, 17910.02, 17937.96, 17814.81, 17900.10
2014/12/05, 17903.05, 17991.19, 17903.05, 17958.79
2014/12/08, 17954.94, 17960.56, 17804.28, 17852.48
2014/12/09, 17847.37, 17847.37, 17629.57, 17801.20
2014/12/10, 17797.99, 17797.99, 17508.10, 17533.15
2014/12/11, 17534.30, 17758.51, 17534.30, 17596.34
2014/12/12, 17590.05, 17590.05, 17280.83, 17280.83
2014/12/15, 17285.74, 17403.54, 17115.28, 17180.84
2014/12/16, 17173.07, 17427.44, 17067.59, 17068.87
2014/12/17, 17069.16, 17389.30, 17069.16, 17356.87
2014/12/18, 17367.85, 17778.40, 17367.85, 17778.15
2014/12/19, 17778.02, 17874.03, 17746.55, 17804.80
2014/12/22, 17812.25, 17962.78, 17812.25, 17959.44
2014/12/23, 17971.51, 18069.22, 17970.16, 18024.17
2014/12/24, 18035.73, 18086.24, 18027.78, 18030.21
2014/12/26, 18038.30, 18103.45, 18038.30, 18053.71
2014/12/29, 18046.58, 18073.04, 18021.57, 18038.23
2014/12/30, 18035.02, 18035.02, 17959.70, 17983.07
2014/12/31, 17987.66, 18043.22, 17820.88, 17823.07
2015/01/02, 17823.07, 17951.78, 17731.30, 17832.99
2015/01/05, 17821.30, 17821.30, 17475.93, 17501.65
2015/01/06, 17504.18, 17581.05, 17262.37, 17371.64
2015/01/07, 17374.78, 17597.08, 17374.78, 17584.52
2015/01/08, 17591.97, 17916.04, 17591.97, 17907.87
2015/01/09, 17911.02, 17915.32, 17686.09, 17737.37
2015/01/12, 17742.05, 17793.88, 17571.58, 17640.84
2015/01/13, 17645.02, 17923.01, 17498.23, 17613.68
2015/01/14, 17609.06, 17609.06, 17264.90, 17427.09
2015/01/15, 17436.30, 17517.41, 17298.04, 17320.71
2015/01/16, 17320.00, 17528.37, 17243.55, 17511.57
2015/01/20, 17516.96, 17588.70, 17346.73, 17515.23
2015/01/21, 17509.96, 17599.58, 17396.04, 17554.28
2015/01/22, 17557.29, 17840.89, 17482.54, 17813.98
2015/01/23, 17812.50, 17812.50, 17667.53, 17672.60
2015/01/26, 17668.11, 17696.36, 17567.60, 17678.70
2015/01/27, 17638.53, 17638.53, 17288.31, 17387.21
2015/01/28, 17402.91, 17484.41, 17189.00, 17191.37
2015/01/29, 17195.29, 17433.13, 17136.30, 17416.85
2015/01/30, 17416.85, 17419.90, 17156.82, 17164.95
2015/02/02, 17169.99, 17367.68, 17037.76, 17361.04
2015/02/03, 17369.97, 17670.76, 17369.97, 17666.40
2015/02/04, 17664.99, 17782.22, 17603.21, 17673.02
2015/02/05, 17677.26, 17889.58, 17677.26, 17884.88
2015/02/06, 17881.54, 17951.09, 17764.40, 17824.29
2015/02/09, 17821.49, 17821.49, 17685.32, 17729.21
2015/02/10, 17736.15, 17890.34, 17729.24, 17868.76
2015/02/11, 17867.86, 17897.21, 17759.65, 17862.14
2015/02/12, 17862.14, 17975.65, 17862.14, 17972.38
2015/02/13, 17968.65, 18037.41, 17961.76, 18019.35
2015/02/17, 18019.80, 18052.01, 17951.41, 18047.58
2015/02/18, 18045.72, 18048.70, 17982.20, 18029.85
2015/02/19, 18028.67, 18028.67, 17924.60, 17985.77
2015/02/20, 17985.77, 18144.29, 17878.37, 18140.44
2015/02/23, 18140.76, 18141.21, 18054.84, 18116.84
2015/02/24, 18112.57, 18231.09, 18098.73, 18209.19
2015/02/25, 18208.67, 18244.38, 18182.76, 18224.57
2015/02/26, 18224.41, 18239.43, 18157.07, 18214.42
2015/02/27, 18213.26, 18213.26, 18132.38, 18132.70
2015/03/02, 18134.05, 18288.63, 18122.59, 18288.63
2015/03/03, 18281.95, 18281.95, 18136.88, 18203.37
2015/03/04, 18203.37, 18203.37, 18029.50, 18096.90
2015/03/05, 18096.90, 18160.35, 18087.65, 18135.72
2015/03/06, 18135.72, 18135.72, 17825.15, 17856.78
2015/03/09, 17856.56, 18031.04, 17856.56, 17995.72
2015/03/10, 17989.56, 17989.56, 17662.94, 17662.94
2015/03/11, 17662.94, 17731.78, 17627.00, 17635.39
2015/03/12, 17626.84, 17900.10, 17620.49, 17895.22
2015/03/13, 17889.05, 17889.05, 17629.89, 17749.31
2015/03/16, 17751.24, 17988.50, 17751.24, 17977.42
2015/03/17, 17972.22, 17972.22, 17785.79, 17849.08
2015/03/18, 17846.80, 18097.12, 17697.52, 18076.19
2015/03/19, 18072.58, 18072.99, 17934.24, 17959.03
2015/03/20, 17961.13, 18197.29, 17961.13, 18127.65
2015/03/23, 18136.73, 18205.93, 18116.04, 18116.04
2015/03/24, 18110.87, 18149.24, 18010.44, 18011.14
2015/03/25, 18012.61, 18041.97, 17718.54, 17718.54
2015/03/26, 17716.27, 17759.51, 17579.27, 17678.23
2015/03/27, 17673.63, 17729.14, 17630.49, 17712.66
2015/03/30, 17727.48, 18008.64, 17727.48, 17976.31
2015/03/31, 17965.37, 17965.37, 17773.02, 17776.12
2015/04/01, 17778.52, 17778.52, 17585.01, 17698.18
2015/04/02, 17699.52, 17815.03, 17673.49, 17763.24
2015/04/06, 17755.50, 17941.79, 17646.80, 17880.85
2015/04/07, 17884.32, 17983.12, 17871.21, 17875.42
2015/04/08, 17877.62, 17976.20, 17822.23, 17902.51
2015/04/09, 17897.70, 17984.22, 17823.10, 17958.73
2015/04/10, 17956.73, 18066.76, 17945.55, 18057.65
2015/04/13, 18052.32, 18107.57, 17974.81, 17977.04
2015/04/14, 17979.11, 18075.60, 17905.48, 18036.70
2015/04/15, 18045.71, 18160.52, 18045.71, 18112.61
2015/04/16, 18106.27, 18169.26, 18063.86, 18105.77
2015/04/17, 18102.56, 18102.56, 17748.53, 17826.30
2015/04/20, 17841.18, 18092.22, 17841.18, 18034.93
2015/04/21, 18034.23, 18109.70, 17929.63, 17949.59
2015/04/22, 17950.82, 18056.02, 17887.76, 18038.27
2015/04/23, 18031.90, 18133.03, 17966.77, 18058.69
2015/04/24, 18056.42, 18108.87, 18009.08, 18080.14
2015/04/27, 18097.89, 18175.56, 18024.66, 18037.97
2015/04/28, 18035.90, 18119.65, 17917.36, 18110.14
2015/04/29, 18093.69, 18096.46, 17953.69, 18035.53
2015/04/30, 18033.33, 18033.33, 17774.89, 17840.52
2015/05/01, 17859.27, 18028.89, 17859.27, 18024.06
2015/05/04, 18026.02, 18133.76, 18026.02, 18070.40
2015/05/05, 18062.53, 18086.01, 17905.71, 17928.20
2015/05/06, 17934.81, 18019.75, 17733.12, 17841.98
2015/05/07, 17840.25, 17973.07, 17796.94, 17924.06
2015/05/08, 17933.64, 18205.23, 17933.64, 18191.11
2015/05/11, 18187.78, 18199.95, 18089.11, 18105.17
2015/05/12, 18096.16, 18119.18, 17924.80, 18068.23
2015/05/13, 18070.37, 18132.79, 18039.20, 18060.49
2015/05/14, 18062.49, 18255.21, 18062.49, 18252.24
2015/05/15, 18251.97, 18272.72, 18215.07, 18272.56
2015/05/18, 18267.25, 18325.54, 18244.26, 18298.88
2015/05/19, 18300.48, 18351.36, 18261.35, 18312.39
2015/05/20, 18315.06, 18350.13, 18272.56, 18285.40
2015/05/21, 18285.87, 18314.89, 18249.90, 18285.74
2015/05/22, 18286.87, 18286.87, 18217.14, 18232.02
2015/05/26, 18229.75, 18229.75, 17990.02, 18041.54
2015/05/27, 18045.08, 18190.35, 18045.08, 18162.99
2015/05/28, 18154.14, 18154.14, 18066.40, 18126.12
2015/05/29, 18128.12, 18128.12, 17967.74, 18010.68
2015/06/01, 18017.82, 18105.83, 17982.06, 18040.37
2015/06/02, 18033.33, 18091.87, 17925.33, 18011.94
2015/06/03, 18018.42, 18168.09, 18010.42, 18076.27
2015/06/04, 18072.47, 18087.15, 17876.95, 17905.58
2015/06/05, 17905.38, 17940.78, 17822.90, 17849.46
2015/06/08, 17849.46, 17852.35, 17760.61, 17766.55
2015/06/09, 17766.95, 17817.83, 17714.97, 17764.04
2015/06/10, 17765.38, 18045.14, 17765.38, 18000.40
2015/06/11, 18001.27, 18109.77, 18001.27, 18039.37
2015/06/12, 18035.83, 18035.83, 17857.07, 17898.84
2015/06/15, 17890.76, 17890.76, 17698.42, 17791.17
2015/06/16, 17787.43, 17919.62, 17774.12, 17904.48
2015/06/17, 17909.58, 17998.00, 17839.65, 17935.74
2015/06/18, 17944.61, 18174.73, 17944.61, 18115.84
2015/06/19, 18116.24, 18117.71, 18010.58, 18015.95
2015/06/22, 18027.63, 18181.67, 18027.63, 18119.78
2015/06/23, 18121.78, 18188.81, 18108.10, 18144.07
2015/06/24, 18139.10, 18139.10, 17966.07, 17966.07
2015/06/25, 17977.11, 18036.10, 17890.36, 17890.36
2015/06/26, 17892.03, 18013.15, 17892.03, 17946.68
2015/06/29, 17936.74, 17936.74, 17590.55, 17596.35
2015/06/30, 17599.96, 17714.66, 17576.50, 17619.51
2015/07/01, 17638.12, 17801.83, 17638.12, 17757.91
2015/07/02, 17763.32, 17825.49, 17687.52, 17730.11
2015/07/06, 17728.08, 17734.36, 17564.36, 17683.58
2015/07/07, 17684.92, 17793.45, 17465.68, 17776.91
2015/07/08, 17759.01, 17759.01, 17496.22, 17515.42
2015/07/09, 17530.38, 17764.85, 17530.38, 17548.62
2015/07/10, 17561.12, 17797.49, 17561.12, 17760.41
2015/07/13, 17787.27, 17987.57, 17787.27, 17977.68
2015/07/14, 17974.61, 18072.82, 17956.17, 18053.58
2015/07/15, 18053.38, 18090.39, 18010.15, 18050.17
2015/07/16, 18078.16, 18131.61, 18065.33, 18120.25
2015/07/17, 18117.58, 18121.12, 18032.06, 18086.45
2015/07/20, 18085.91, 18137.12, 18064.50, 18100.41
2015/07/21, 18096.67, 18096.67, 17868.34, 17919.29
2015/07/22, 17918.35, 17919.35, 17807.41, 17851.04
2015/07/23, 17853.78, 17860.95, 17705.03, 17731.92
2015/07/24, 17731.05, 17756.54, 17553.73, 17568.53
2015/07/27, 17561.78, 17561.78, 17399.17, 17440.59
2015/07/28, 17449.81, 17650.07, 17449.81, 17630.27
2015/07/29, 17631.40, 17776.78, 17629.20, 17751.39
2015/07/30, 17743.24, 17761.25, 17640.85, 17745.98
2015/07/31, 17755.87, 17783.59, 17671.59, 17689.86
2015/08/03, 17696.74, 17704.76, 17496.61, 17598.20
2015/08/04, 17596.93, 17635.78, 17505.50, 17550.69
2015/08/05, 17555.24, 17661.37, 17492.90, 17540.47
2015/08/06, 17542.61, 17572.04, 17362.86, 17419.75
2015/08/07, 17414.94, 17414.94, 17279.08, 17373.38
2015/08/10, 17375.18, 17629.13, 17375.18, 17615.17
2015/08/11, 17593.59, 17593.59, 17352.63, 17402.84
2015/08/12, 17382.93, 17423.90, 17125.81, 17402.51
2015/08/13, 17401.64, 17481.78, 17341.34, 17408.25
2015/08/14, 17410.12, 17492.90, 17394.06, 17477.40
2015/08/17, 17472.66, 17551.40, 17341.72, 17545.18
2015/08/18, 17537.30, 17568.40, 17486.42, 17511.34
2015/08/19, 17508.74, 17517.19, 17282.42, 17348.73
2015/08/20, 17345.32, 17345.32, 16990.69, 16990.69
2015/08/21, 16990.69, 16990.69, 16459.55, 16459.75
2015/08/24, 16459.75, 16459.75, 15370.33, 15871.35
2015/08/25, 15882.27, 16312.94, 15651.24, 15666.44
2015/08/26, 15676.26, 16303.75, 15676.26, 16285.51
2015/08/27, 16285.51, 16666.69, 16285.51, 16654.77
2015/08/28, 16649.42, 16669.97, 16535.18, 16643.01
2015/08/31, 16632.02, 16632.02, 16444.05, 16528.03
2015/09/01, 16528.03, 16528.03, 15979.95, 16058.35
2015/09/02, 16058.35, 16352.58, 16058.35, 16351.38
2015/09/03, 16364.34, 16550.07, 16317.31, 16374.76
2015/09/04, 16371.76, 16371.76, 16026.61, 16102.38
2015/09/08, 16109.93, 16503.41, 16109.93, 16492.68
2015/09/09, 16505.04, 16664.65, 16220.10, 16253.57
2015/09/10, 16252.57, 16441.94, 16212.08, 16330.40
2015/09/11, 16330.40, 16434.76, 16244.65, 16433.09
2015/09/14, 16450.86, 16450.86, 16330.87, 16370.96
2015/09/15, 16382.58, 16644.11, 16382.58, 16599.85
2015/09/16, 16599.51, 16755.98, 16593.90, 16739.95
2015/09/17, 16738.08, 16933.43, 16639.93, 16674.74
2015/09/18, 16674.74, 16674.74, 16343.76, 16384.58
2015/09/21, 16406.10, 16578.60, 16391.88, 16510.19
2015/09/22, 16477.45, 16477.45, 16221.73, 16330.47
2015/09/23, 16332.81, 16355.29, 16211.98, 16279.89
2015/09/24, 16257.11, 16257.11, 16016.36, 16201.32
2015/09/25, 16205.07, 16465.23, 16205.07, 16314.67
2015/09/28, 16313.26, 16313.26, 15981.85, 16001.89
2015/09/29, 16001.76, 16118.89, 15942.37, 16049.13
2015/09/30, 16057.08, 16297.60, 16057.08, 16284.70
2015/10/01, 16278.62, 16348.87, 16073.82, 16272.01
2015/10/02, 16258.25, 16472.77, 16013.66, 16472.37
2015/10/05, 16502.10, 16798.37, 16502.10, 16776.43
2015/10/06, 16774.02, 16865.09, 16746.03, 16790.19
2015/10/07, 16805.42, 16963.30, 16765.00, 16912.29
2015/10/08, 16904.17, 17081.28, 16859.34, 17050.75
2015/10/09, 17054.69, 17110.88, 17027.23, 17084.49
2015/10/12, 17082.29, 17139.21, 17064.58, 17131.86
2015/10/13, 17113.55, 17172.81, 17034.45, 17081.89
2015/10/14, 17079.08, 17111.38, 16887.67, 16924.75
2015/10/15, 16944.86, 17144.42, 16933.57, 17141.75
2015/10/16, 17141.75, 17220.02, 17107.35, 17215.97
2015/10/19, 17209.43, 17235.95, 17129.19, 17230.54
2015/10/20, 17228.47, 17264.88, 17147.99, 17217.11
2015/10/21, 17225.93, 17314.99, 17153.13, 17168.61
2015/10/22, 17180.88, 17505.18, 17180.88, 17489.16
2015/10/23, 17525.11, 17679.37, 17525.11, 17646.70
2015/10/26, 17649.57, 17660.70, 17602.51, 17623.05
2015/10/27, 17608.89, 17635.18, 17540.57, 17581.43
2015/10/28, 17586.69, 17779.95, 17556.71, 17779.52
2015/10/29, 17771.50, 17786.00, 17684.72, 17755.80
2015/10/30, 17756.60, 17799.96, 17662.87, 17663.54
2015/11/02, 17672.62, 17845.90, 17655.02, 17828.76
2015/11/03, 17819.74, 17977.85, 17796.02, 17918.15
2015/11/04, 17929.58, 17964.12, 17828.83, 17867.58
2015/11/05, 17871.25, 17929.51, 17779.19, 17863.43
2015/11/06, 17855.22, 17912.04, 17768.60, 17910.33
2015/11/09, 17900.78, 17900.78, 17667.78, 17730.48
2015/11/10, 17724.13, 17768.66, 17657.72, 17758.21
2015/11/11, 17769.50, 17807.18, 17696.91, 17702.22
2015/11/12, 17691.93, 17691.93, 17443.50, 17448.07
2015/11/13, 17439.25, 17439.25, 17238.89, 17245.24
2015/11/16, 17229.94, 17483.01, 17210.43, 17483.01
2015/11/17, 17486.99, 17599.33, 17451.41, 17489.50
2015/11/18, 17485.49, 17752.16, 17485.49, 17737.16
2015/11/19, 17739.83, 17772.97, 17681.98, 17732.75
2015/11/20, 17732.75, 17914.34, 17732.75, 17823.81
2015/11/23, 17823.61, 17868.18, 17751.53, 17792.68
2015/11/24, 17770.90, 17862.60, 17683.51, 17812.19
2015/11/25, 17820.81, 17854.92, 17801.83, 17813.39
2015/11/27, 17806.04, 17830.36, 17749.32, 17798.49
2015/11/30, 17802.84, 17837.24, 17719.79, 17719.92
2015/12/01, 17719.72, 17895.50, 17719.72, 17888.35
2015/12/02, 17883.14, 17901.58, 17708.20, 17729.68
2015/12/03, 17741.57, 17780.59, 17425.56, 17477.67
2015/12/04, 17482.68, 17866.47, 17482.68, 17847.63
2015/12/07, 17845.49, 17845.49, 17639.25, 17730.51
2015/12/08, 17703.99, 17703.99, 17485.39, 17568.00
2015/12/09, 17558.18, 17767.69, 17403.51, 17492.30
2015/12/10, 17493.17, 17697.74, 17474.66, 17574.75
2015/12/11, 17574.75, 17574.75, 17230.50, 17265.21
2015/12/14, 17277.11, 17378.02, 17138.47, 17368.50
2015/12/15, 17374.78, 17627.63, 17341.18, 17524.91
2015/12/16, 17530.85, 17784.36, 17483.68, 17749.09
2015/12/17, 17756.54, 17796.76, 17493.50, 17495.84
2015/12/18, 17495.04, 17496.58, 17124.31, 17128.55
2015/12/21, 17154.94, 17272.36, 17116.73, 17251.62
2015/12/22, 17253.55, 17451.11, 17242.86, 17417.27
2015/12/23, 17427.63, 17607.92, 17427.63, 17602.61
2015/12/24, 17593.26, 17606.34, 17543.95, 17552.17
2015/12/28, 17535.66, 17536.90, 17437.34, 17528.27
2015/12/29, 17547.37, 17750.02, 17547.37, 17720.98
2015/12/30, 17711.94, 17714.13, 17588.87, 17603.87
2015/12/31, 17590.66, 17590.66, 17421.16, 17425.03
2016/01/04, 17405.48, 17405.48, 16957.63, 17148.94
2016/01/05, 17147.50, 17195.84, 17038.61, 17158.66
2016/01/06, 17154.83, 17154.83, 16817.62, 16906.51
2016/01/07, 16888.36, 16888.36, 16463.63, 16514.10
2016/01/08, 16519.17, 16651.89, 16314.57, 16346.45
2016/01/11, 16358.71, 16461.85, 16232.03, 16398.57
2016/01/12, 16419.11, 16591.35, 16322.07, 16516.22
2016/01/13, 16526.63, 16593.51, 16123.20, 16151.41
2016/01/14, 16159.01, 16482.05, 16075.12, 16379.05
2016/01/15, 16354.33, 16354.33, 15842.11, 15988.08
2016/01/19, 16009.45, 16171.96, 15900.25, 16016.02
2016/01/20, 15989.45, 15989.45, 15450.56, 15766.74
2016/01/21, 15768.87, 16038.59, 15704.66, 15882.68
2016/01/22, 15921.10, 16136.79, 15921.10, 16093.51
2016/01/25, 16086.46, 16086.46, 15880.15, 15885.22
2016/01/26, 15893.16, 16185.79, 15893.16, 16167.23
2016/01/27, 16168.74, 16235.03, 15878.30, 15944.46
2016/01/28, 15960.28, 16102.14, 15863.72, 16069.64
2016/01/29, 16090.26, 16466.30, 16090.26, 16466.30
2016/02/01, 16453.63, 16510.98, 16299.47, 16449.18
2016/02/02, 16420.21, 16420.21, 16108.44, 16153.54
2016/02/03, 16186.20, 16381.69, 15960.45, 16336.66
2016/02/04, 16329.67, 16485.84, 16266.16, 16416.58
2016/02/05, 16417.95, 16423.63, 16129.81, 16204.97
2016/02/08, 16147.51, 16147.51, 15803.55, 16027.05
2016/02/09, 16005.41, 16136.62, 15881.11, 16014.38
2016/02/10, 16035.61, 16201.89, 15899.91, 15914.74
2016/02/11, 15897.82, 15897.82, 15503.01, 15660.18
2016/02/12, 15691.62, 15974.04, 15691.62, 15973.84
2016/02/16, 16012.39, 16196.41, 16012.39, 16196.41
2016/02/17, 16217.98, 16486.12, 16217.98, 16453.83
2016/02/18, 16483.76, 16511.84, 16390.43, 16413.43
2016/02/19, 16410.96, 16410.96, 16278.00, 16391.99
2016/02/22, 16417.13, 16664.24, 16417.13, 16620.66
2016/02/23, 16610.39, 16610.39, 16403.53, 16431.78
2016/02/24, 16418.84, 16507.39, 16165.86, 16484.99
2016/02/25, 16504.38, 16697.98, 16458.42, 16697.29
2016/02/26, 16712.70, 16795.98, 16623.91, 16639.97
2016/02/29, 16634.15, 16726.12, 16510.40, 16516.50
2016/03/01, 16545.67, 16865.56, 16545.67, 16865.08
2016/03/02, 16851.17, 16900.17, 16766.32, 16899.32
2016/03/03, 16896.17, 16944.31, 16820.73, 16943.90
2016/03/04, 16945.00, 17062.38, 16898.84, 17006.77
2016/03/07, 16991.29, 17099.25, 16940.48, 17073.95
2016/03/08, 17050.67, 17072.79, 16921.51, 16964.10
2016/03/09, 16969.17, 17048.50, 16947.94, 17000.36
2016/03/10, 17006.05, 17130.11, 16821.86, 16995.13
2016/03/11, 17014.99, 17220.09, 17014.99, 17213.31
2016/03/14, 17207.49, 17275.07, 17161.16, 17229.13
2016/03/15, 17217.15, 17251.70, 17120.35, 17251.53
2016/03/16, 17249.34, 17379.18, 17204.07, 17325.76
2016/03/17, 17321.38, 17529.01, 17297.65, 17481.49
2016/03/18, 17481.49, 17620.58, 17481.49, 17602.30
2016/03/21, 17589.70, 17644.97, 17551.28, 17623.87
2016/03/22, 17602.71, 17648.94, 17540.42, 17582.57
2016/03/23, 17588.81, 17588.81, 17486.27, 17502.59
2016/03/24, 17485.33, 17517.14, 17399.01, 17515.73
2016/03/28, 17526.08, 17583.81, 17493.03, 17535.39
2016/03/29, 17512.58, 17642.81, 17434.27, 17633.11
2016/03/30, 17652.36, 17790.11, 17652.36, 17716.66
2016/03/31, 17716.05, 17755.70, 17669.72, 17685.09
2016/04/01, 17661.74, 17811.48, 17568.02, 17792.75
2016/04/04, 17799.39, 17806.38, 17710.67, 17737.00
2016/04/05, 17718.03, 17718.03, 17579.56, 17603.32
2016/04/06, 17605.45, 17723.55, 17542.54, 17716.05
2016/04/07, 17687.28, 17687.28, 17484.23, 17541.96
2016/04/08, 17555.39, 17694.51, 17528.16, 17576.96
2016/04/11, 17586.48, 17731.63, 17555.90, 17556.41
2016/04/12, 17571.34, 17744.43, 17553.57, 17721.25
2016/04/13, 17741.66, 17918.35, 17741.66, 17908.28
2016/04/14, 17912.25, 17962.14, 17885.44, 17926.43
2016/04/15, 17925.95, 17937.65, 17867.41, 17897.46
2016/04/18, 17890.20, 18009.53, 17848.22, 18004.16
2016/04/19, 18012.10, 18103.46, 17984.43, 18053.60
2016/04/20, 18059.49, 18167.63, 18031.21, 18096.27
2016/04/21, 18092.84, 18107.29, 17963.89, 17982.52
2016/04/22, 17985.05, 18026.85, 17909.89, 18003.75
2016/04/25, 17990.94, 17990.94, 17855.55, 17977.24
2016/04/26, 17987.38, 18043.77, 17934.17, 17990.32
2016/04/27, 17996.14, 18084.66, 17920.26, 18041.55
2016/04/28, 18023.88, 18035.73, 17796.55, 17830.76
2016/04/29, 17813.09, 17814.83, 17651.98, 17773.64
2016/05/02, 17783.78, 17912.35, 17773.71, 17891.16
2016/05/03, 17870.75, 17870.75, 17670.88, 17750.91
2016/05/04, 17735.02, 17738.06, 17609.01, 17651.26
2016/05/05, 17664.48, 17736.11, 17615.82, 17660.71
2016/05/06, 17650.30, 17744.54, 17580.38, 17740.63
2016/05/09, 17743.85, 17783.16, 17668.38, 17705.91
2016/05/10, 17726.66, 17934.61, 17726.66, 17928.35
2016/05/11, 17919.03, 17919.03, 17711.05, 17711.12
2016/05/12, 17722.01, 17798.19, 17625.38, 17720.50
2016/05/13, 17711.12, 17734.74, 17512.48, 17535.32
2016/05/16, 17531.76, 17755.80, 17531.76, 17710.71
2016/05/17, 17701.46, 17701.46, 17469.92, 17529.98
2016/05/18, 17501.28, 17636.22, 17418.21, 17526.62
2016/05/19, 17514.16, 17514.16, 17331.07, 17435.40
2016/05/20, 17437.32, 17571.75, 17437.32, 17500.94
2016/05/23, 17507.04, 17550.70, 17480.05, 17492.93
2016/05/24, 17525.19, 17742.59, 17525.19, 17706.05
2016/05/25, 17735.09, 17891.71, 17735.09, 17851.51
2016/05/26, 17859.52, 17888.66, 17803.82, 17828.29
2016/05/27, 17826.85, 17873.22, 17824.73, 17873.22
2016/05/31, 17891.50, 17899.24, 17724.03, 17787.20
2016/06/01, 17754.55, 17809.18, 17664.79, 17789.67
2016/06/02, 17789.05, 17838.56, 17703.55, 17838.56
2016/06/03, 17799.80, 17833.17, 17689.68, 17807.06
2016/06/06, 17825.69, 17949.68, 17822.81, 17920.33
2016/06/07, 17936.22, 18003.23, 17936.22, 17938.28
2016/06/08, 17931.91, 18016.00, 17931.91, 18005.05
2016/06/09, 17969.98, 18005.22, 17915.88, 17985.19
2016/06/10, 17938.82, 17938.82, 17812.34, 17865.34
2016/06/13, 17830.50, 17893.28, 17731.35, 17732.48
2016/06/14, 17710.77, 17733.92, 17595.79, 17674.82
2016/06/15, 17703.65, 17762.96, 17629.01, 17640.17
2016/06/16, 17602.23, 17754.91, 17471.29, 17733.10
2016/06/17, 17733.44, 17733.44, 17602.78, 17675.16
2016/06/20, 17736.87, 17946.36, 17736.87, 17804.87
2016/06/21, 17827.33, 17877.84, 17799.80, 17829.73
2016/06/22, 17832.67, 17920.16, 17770.36, 17780.83
2016/06/23, 17844.11, 18011.07, 17844.11, 18011.07
2016/06/24, 17946.63, 17946.63, 17356.34, 17400.75
2016/06/27, 17355.21, 17355.21, 17063.08, 17140.24
2016/06/28, 17190.51, 17409.72, 17190.51, 17409.72
2016/06/29, 17456.02, 17704.51, 17456.02, 17694.68
2016/06/30, 17712.76, 17930.61, 17711.80, 17929.99
2016/07/01, 17924.24, 18002.38, 17916.91, 17949.37
2016/07/05, 17904.45, 17904.45, 17785.28, 17840.62
2016/07/06, 17807.47, 17926.91, 17713.45, 17918.62
2016/07/07, 17924.24, 17984.95, 17816.65, 17895.88
2016/07/08, 17971.22, 18166.77, 17971.22, 18146.74
2016/07/11, 18161.53, 18283.90, 18161.53, 18226.93
2016/07/12, 18259.12, 18371.95, 18259.12, 18347.67
2016/07/13, 18356.78, 18390.16, 18315.76, 18372.12
2016/07/14, 18414.30, 18537.57, 18414.30, 18506.41
2016/07/15, 18508.88, 18557.43, 18471.62, 18516.55
2016/07/18, 18521.55, 18556.13, 18489.84, 18533.05
2016/07/19, 18503.12, 18562.53, 18495.11, 18559.01
2016/07/20, 18582.70, 18622.01, 18555.65, 18595.03
2016/07/21, 18589.96, 18590.44, 18469.67, 18517.23
2016/07/22, 18524.15, 18571.30, 18491.59, 18570.85
2016/07/25, 18554.49, 18555.69, 18452.62, 18493.06
2016/07/26, 18497.37, 18522.47, 18387.22, 18473.75
2016/07/27, 18473.27, 18542.39, 18430.94, 18472.17
2016/07/28, 18461.01, 18483.26, 18368.82, 18456.35
2016/07/29, 18442.52, 18466.55, 18371.12, 18432.24
2016/08/01, 18434.50, 18467.03, 18355.75, 18404.51
2016/08/02, 18401.15, 18403.65, 18247.79, 18313.77
2016/08/03, 18313.08, 18355.00, 18283.23, 18355.00
2016/08/04, 18351.43, 18397.87, 18325.17, 18352.05
2016/08/05, 18402.80, 18543.53, 18402.80, 18543.53
2016/08/08, 18540.65, 18569.31, 18502.03, 18529.29
2016/08/09, 18538.05, 18585.32, 18507.75, 18533.05
2016/08/10, 18541.48, 18561.75, 18468.78, 18495.66
2016/08/11, 18519.08, 18638.34, 18519.08, 18613.52
2016/08/12, 18595.65, 18606.06, 18535.86, 18576.47
2016/08/15, 18588.59, 18668.44, 18588.59, 18636.05
2016/08/16, 18614.48, 18614.86, 18550.65, 18552.02
2016/08/17, 18537.09, 18582.35, 18468.68, 18573.94
2016/08/18, 18566.54, 18600.82, 18533.29, 18597.70
2016/08/19, 18585.17, 18585.17, 18491.24, 18552.57
2016/08/22, 18535.86, 18570.92, 18466.86, 18529.42
2016/08/23, 18568.94, 18631.60, 18545.52, 18547.30
2016/08/24, 18537.50, 18539.15, 18448.27, 18481.48
2016/08/25, 18471.21, 18497.68, 18431.46, 18448.41
2016/08/26, 18467.92, 18572.09, 18335.34, 18395.40
2016/08/29, 18421.29, 18523.09, 18419.92, 18502.99
2016/08/30, 18491.28, 18514.29, 18408.52, 18454.30
2016/08/31, 18436.70, 18439.68, 18333.56, 18400.88
2016/09/01, 18396.57, 18430.05, 18295.48, 18419.30
2016/09/02, 18466.01, 18544.76, 18439.10, 18491.96
2016/09/06, 18493.40, 18551.54, 18450.32, 18538.12
2016/09/07, 18527.71, 18536.89, 18474.77, 18526.14
2016/09/08, 18486.69, 18506.24, 18446.69, 18479.91
2016/09/09, 18404.17, 18404.17, 18085.45, 18085.45
2016/09/12, 18028.95, 18358.69, 17994.84, 18325.07
2016/09/13, 18262.99, 18262.99, 18028.06, 18066.75
2016/09/14, 18073.39, 18163.48, 17992.21, 18034.77
2016/09/15, 18024.91, 18250.11, 18015.49, 18212.48
2016/09/16, 18217.21, 18217.21, 18070.21, 18123.80
2016/09/19, 18154.82, 18254.88, 18093.05, 18120.17
2016/09/20, 18175.36, 18227.21, 18128.80, 18129.96
2016/09/21, 18164.96, 18307.43, 18121.57, 18293.70
2016/09/22, 18343.76, 18449.88, 18343.76, 18392.46
2016/09/23, 18377.36, 18383.76, 18254.84, 18261.45
2016/09/26, 18217.76, 18217.76, 18083.32, 18094.83
2016/09/27, 18099.21, 18238.10, 18052.16, 18228.30
2016/09/28, 18240.22, 18349.86, 18179.34, 18339.24
2016/09/29, 18322.88, 18366.23, 18091.64, 18143.45
2016/09/30, 18181.80, 18369.62, 18181.80, 18308.15
2016/10/03, 18279.60, 18279.80, 18203.75, 18253.85
2016/10/04, 18267.68, 18313.77, 18116.26, 18168.45
2016/10/05, 18205.50, 18315.82, 18205.50, 18281.03
2016/10/06, 18280.42, 18288.12, 18162.97, 18268.50
2016/10/07, 18295.35, 18319.73, 18149.35, 18240.49
2016/10/10, 18282.95, 18399.96, 18282.95, 18329.04
2016/10/11, 18308.43, 18312.33, 18061.96, 18128.66
2016/10/12, 18132.63, 18193.96, 18082.09, 18144.20
2016/10/13, 18088.32, 18137.70, 17959.95, 18098.94
2016/10/14, 18177.35, 18261.11, 18138.38, 18138.38
2016/10/17, 18135.85, 18162.28, 18063.02, 18086.40
2016/10/18, 18145.06, 18225.80, 18129.45, 18161.94
2016/10/19, 18178.21, 18252.20, 18169.25, 18202.62
2016/10/20, 18161.87, 18249.05, 18129.07, 18162.35
2016/10/21, 18152.63, 18168.76, 18049.77, 18145.71
2016/10/24, 18197.14, 18275.04, 18191.18, 18223.03
2016/10/25, 18206.52, 18241.69, 18151.70, 18169.27
2016/10/26, 18103.80, 18236.04, 18062.30, 18199.33
2016/10/27, 18234.81, 18253.20, 18149.20, 18169.68
2016/10/28, 18193.79, 18257.06, 18094.97, 18161.19
2016/10/31, 18176.60, 18193.68, 18130.58, 18142.42
2016/11/01, 18158.24, 18177.01, 17940.84, 18037.10
2016/11/02, 18017.72, 18044.15, 17931.89, 17959.64
2016/11/03, 17978.75, 18006.96, 17904.07, 17930.67
2016/11/04, 17928.35, 17986.76, 17883.56, 17888.28
2016/11/07, 17994.64, 18263.30, 17994.64, 18259.60
2016/11/08, 18251.38, 18400.50, 18200.75, 18332.74
2016/11/09, 18317.26, 18650.06, 18252.55, 18589.69
2016/11/10, 18603.14, 18873.66, 18603.14, 18807.88
2016/11/11, 18781.65, 18855.78, 18736.96, 18847.66
2016/11/14, 18876.77, 18934.05, 18815.75, 18868.69
2016/11/15, 18858.21, 18925.26, 18806.06, 18923.06
2016/11/16, 18909.85, 18909.85, 18825.89, 18868.14
2016/11/17, 18866.22, 18904.03, 18845.27, 18903.82
2016/11/18, 18905.33, 18915.74, 18853.83, 18867.93
2016/11/21, 18898.68, 18960.76, 18883.10, 18956.69
2016/11/22, 18970.39, 19043.90, 18962.82, 19023.87
2016/11/23, 19015.52, 19083.76, 19000.38, 19083.18
2016/11/25, 19093.72, 19152.14, 19093.72, 19152.14
2016/11/28, 19122.14, 19138.72, 19072.25, 19097.90
2016/11/29, 19064.07, 19144.40, 19062.22, 19121.60
2016/11/30, 19135.64, 19225.29, 19123.38, 19123.58
2016/12/01, 19149.20, 19214.30, 19138.79, 19191.93
2016/12/02, 19161.25, 19196.14, 19141.18, 19170.42
2016/12/05, 19244.35, 19274.85, 19186.73, 19216.24
2016/12/06, 19219.91, 19255.89, 19184.74, 19251.78
2016/12/07, 19241.99, 19558.42, 19229.83, 19549.62
2016/12/08, 19559.94, 19664.97, 19527.83, 19614.81
2016/12/09, 19631.35, 19757.74, 19623.19, 19756.85
2016/12/12, 19770.20, 19824.59, 19747.74, 19796.43
2016/12/13, 19852.21, 19953.75, 19846.45, 19911.21
2016/12/14, 19876.13, 19966.43, 19748.67, 19792.53
2016/12/15, 19811.50, 19951.29, 19811.50, 19852.24
2016/12/16, 19909.01, 19923.17, 19821.00, 19843.41
2016/12/19, 19836.66, 19917.78, 19832.95, 19883.06
2016/12/20, 19920.59, 19987.63, 19920.42, 19974.62
2016/12/21, 19968.97, 19986.56, 19941.96, 19941.96
2016/12/22, 19922.68, 19933.83, 19882.19, 19918.88
2016/12/23, 19908.61, 19934.15, 19899.06, 19933.81
2016/12/27, 19943.46, 19980.24, 19939.80, 19945.04
2016/12/28, 19964.31, 19981.11, 19827.31, 19833.68
2016/12/29, 19835.46, 19878.44, 19788.94, 19819.78
2016/12/30, 19833.17, 19852.55, 19718.67, 19762.60
2017/01/03, 19872.86, 19938.53, 19775.93, 19881.76
2017/01/04, 19890.94, 19956.14, 19878.83, 19942.16
2017/01/05, 19924.56, 19948.60, 19811.12, 19899.29
2017/01/06, 19906.96, 19999.63, 19834.08, 19963.80
2017/01/09, 19931.41, 19943.78, 19887.38, 19887.38
2017/01/10, 19876.35, 19957.12, 19836.03, 19855.53
2017/01/11, 19887.38, 19973.42, 19833.16, 19954.28
2017/01/12, 19926.21, 19929.29, 19770.47, 19891.00
2017/01/13, 19912.54, 19952.03, 19849.38, 19885.73
2017/01/17, 19848.82, 19882.99, 19775.35, 19826.77
2017/01/18, 19822.73, 19828.20, 19739.00, 19804.72
2017/01/19, 19813.55, 19824.14, 19677.94, 19732.40
2017/01/20, 19795.06, 19843.94, 19759.14, 19827.25
2017/01/23, 19794.79, 19833.98, 19732.36, 19799.85
2017/01/24, 19794.68, 19949.24, 19786.71, 19912.71
2017/01/25, 19994.48, 20082.00, 19994.48, 20068.51
2017/01/26, 20076.25, 20125.58, 20067.53, 20100.91
2017/01/27, 20103.36, 20115.97, 20072.64, 20093.78
2017/01/30, 20028.62, 20028.62, 19870.39, 19971.13
2017/01/31, 19913.16, 19918.17, 19784.77, 19864.09
2017/02/01, 19923.81, 19967.73, 19845.99, 19890.94
2017/02/02, 19858.34, 19922.75, 19831.09, 19884.91
2017/02/03, 19964.21, 20081.48, 19964.21, 20071.46
2017/02/06, 20025.61, 20094.95, 20002.81, 20052.42
2017/02/07, 20107.62, 20155.35, 20068.68, 20090.29
2017/02/08, 20049.29, 20068.28, 20015.33, 20054.34
2017/02/09, 20061.73, 20206.36, 20061.73, 20172.40
2017/02/10, 20211.23, 20298.21, 20204.76, 20269.37
2017/02/13, 20338.54, 20441.48, 20322.95, 20412.16
2017/02/14, 20374.22, 20504.41, 20374.02, 20504.41
2017/02/15, 20504.27, 20620.45, 20496.03, 20611.86
2017/02/16, 20627.31, 20639.87, 20556.83, 20619.77
2017/02/17, 20564.13, 20624.05, 20532.61, 20624.05
2017/02/21, 20663.43, 20757.64, 20663.37, 20743.00
2017/02/22, 20715.41, 20781.59, 20692.39, 20775.60
2017/02/23, 20817.21, 20840.70, 20746.41, 20810.32
2017/02/24, 20751.91, 20821.76, 20733.95, 20821.76
2017/02/27, 20808.71, 20851.33, 20774.76, 20837.44
2017/02/28, 20833.88, 20841.24, 20781.21, 20812.24
2017/03/01, 20957.29, 21169.11, 20957.29, 21115.55
2017/03/02, 21128.91, 21129.20, 20996.61, 21002.97
2017/03/03, 21008.75, 21039.96, 20953.86, 21005.71
2017/03/06, 20955.71, 20986.43, 20912.11, 20954.34
2017/03/07, 20934.89, 20970.54, 20901.26, 20924.76
2017/03/08, 20940.44, 20951.44, 20835.58, 20855.73
2017/03/09, 20864.32, 20900.57, 20777.16, 20858.19
2017/03/10, 20919.01, 20940.29, 20827.66, 20902.98
2017/03/13, 20899.28, 20926.06, 20845.71, 20881.48
2017/03/14, 20848.60, 20874.00, 20786.31, 20837.37
2017/03/15, 20874.78, 20977.47, 20859.60, 20950.10
2017/03/16, 20969.27, 21000.11, 20893.50, 20934.55
2017/03/17, 20965.37, 20980.51, 20911.07, 20914.62
2017/03/20, 20916.27, 20955.45, 20885.70, 20905.86
2017/03/21, 20956.33, 20970.04, 20653.26, 20668.01
2017/03/22, 20640.42, 20686.21, 20578.95, 20661.30
2017/03/23, 20645.07, 20757.89, 20618.62, 20656.58
2017/03/24, 20674.45, 20718.33, 20529.67, 20596.72
2017/03/27, 20488.35, 20578.46, 20412.80, 20550.98
2017/03/28, 20542.14, 20735.61, 20520.10, 20701.50
2017/03/29, 20675.75, 20684.73, 20625.03, 20659.32
2017/03/30, 20662.79, 20753.78, 20643.60, 20728.49
2017/03/31, 20700.34, 20722.59, 20660.68, 20663.22
2017/04/03, 20665.17, 20692.34, 20517.82, 20650.21
2017/04/04, 20634.94, 20701.29, 20605.30, 20689.24
2017/04/05, 20745.06, 20887.50, 20639.55, 20648.15
2017/04/06, 20653.77, 20746.46, 20612.17, 20662.95
2017/04/07, 20647.81, 20726.07, 20606.95, 20656.10
2017/04/10, 20668.22, 20750.33, 20614.86, 20658.02
2017/04/11, 20644.32, 20660.03, 20512.56, 20651.30
2017/04/12, 20637.95, 20642.54, 20553.03, 20591.86
2017/04/13, 20561.69, 20612.27, 20453.25, 20453.25
2017/04/17, 20484.75, 20644.41, 20484.75, 20636.92
2017/04/18, 20561.39, 20600.12, 20462.28, 20523.28
2017/04/19, 20503.52, 20546.69, 20379.55, 20404.49
2017/04/20, 20406.68, 20629.78, 20406.68, 20578.71
2017/04/21, 20578.10, 20601.40, 20505.33, 20547.76
2017/04/24, 20723.59, 20792.20, 20723.59, 20763.89
2017/04/25, 20915.51, 21026.97, 20909.38, 20996.12
2017/04/26, 21009.95, 21070.90, 20972.27, 20975.09
2017/04/27, 20991.12, 21005.80, 20935.80, 20981.33
2017/04/28, 20987.39, 20987.76, 20926.75, 20940.51
2017/05/01, 20962.73, 20976.62, 20898.38, 20913.46
2017/05/02, 20941.19, 20960.92, 20904.06, 20949.89
2017/05/03, 20915.00, 20972.74, 20874.18, 20957.90
2017/05/04, 20987.83, 20990.79, 20847.95, 20951.47
2017/05/05, 20929.04, 21006.94, 20905.00, 21006.94
2017/05/08, 20991.26, 21017.89, 20971.05, 21012.28
2017/05/09, 21022.28, 21046.85, 20938.04, 20975.78
2017/05/10, 20958.49, 20976.28, 20884.15, 20943.11
2017/05/11, 20925.72, 20933.36, 20798.90, 20919.42
2017/05/12, 20893.19, 20916.10, 20869.74, 20896.61
2017/05/15, 20923.63, 21000.83, 20923.63, 20981.94
2017/05/16, 20984.48, 21033.53, 20932.88, 20979.75
2017/05/17, 20846.17, 20846.17, 20601.08, 20606.93
2017/05/18, 20579.65, 20759.20, 20553.45, 20663.02
2017/05/19, 20698.28, 20857.13, 20687.94, 20804.84
2017/05/22, 20867.77, 20914.26, 20860.16, 20894.83
2017/05/23, 20908.67, 20961.14, 20896.22, 20937.91
2017/05/24, 20949.21, 21022.82, 20933.58, 21012.42
2017/05/25, 21062.96, 21112.32, 21051.41, 21082.95
2017/05/26, 21070.15, 21092.82, 21050.49, 21080.28
2017/05/30, 21045.49, 21063.62, 21009.60, 21029.47
2017/05/31, 21048.46, 21051.70, 20942.57, 21008.65
2017/06/01, 21030.55, 21144.18, 20994.22, 21144.18
2017/06/02, 21142.09, 21225.04, 21129.56, 21206.29
2017/06/05, 21195.03, 21224.41, 21168.69, 21184.04
2017/06/06, 21145.48, 21180.47, 21118.46, 21136.23
2017/06/07, 21171.57, 21189.84, 21113.31, 21173.69
2017/06/08, 21169.76, 21265.69, 21138.16, 21182.53
2017/06/09, 21208.96, 21305.35, 21159.45, 21271.97
2017/06/12, 21259.95, 21277.08, 21186.15, 21235.67
2017/06/13, 21256.83, 21332.77, 21256.83, 21328.47
2017/06/14, 21342.71, 21391.97, 21294.09, 21374.56
2017/06/15, 21291.69, 21367.28, 21261.87, 21359.90
2017/06/16, 21335.93, 21384.42, 21308.01, 21384.28
2017/06/19, 21444.75, 21528.99, 21436.08, 21528.99
2017/06/20, 21521.25, 21535.03, 21464.24, 21467.14
2017/06/21, 21466.39, 21492.62, 21390.00, 21410.03
2017/06/22, 21407.98, 21456.47, 21394.81, 21397.29
2017/06/23, 21380.92, 21421.79, 21333.89, 21394.76
2017/06/26, 21434.68, 21506.21, 21381.25, 21409.55
2017/06/27, 21411.19, 21440.60, 21310.66, 21310.66
2017/06/28, 21372.36, 21478.75, 21372.36, 21454.61
2017/06/29, 21487.38, 21487.38, 21197.08, 21287.03
2017/06/30, 21348.60, 21426.12, 21325.08, 21349.63
2017/07/03, 21392.30, 21562.75, 21391.71, 21479.27
2017/07/05, 21492.83, 21505.36, 21404.76, 21478.17
2017/07/06, 21423.93, 21433.10, 21305.38, 21320.04
2017/07/07, 21354.66, 21425.82, 21350.72, 21414.34
2017/07/10, 21381.23, 21446.39, 21371.11, 21408.52
2017/07/11, 21410.17, 21441.62, 21279.30, 21409.07
2017/07/12, 21467.93, 21580.79, 21467.93, 21532.14
2017/07/13, 21537.19, 21568.72, 21512.36, 21553.09
2017/07/14, 21532.77, 21681.53, 21521.72, 21637.74
2017/07/17, 21633.97, 21661.81, 21617.66, 21629.72
2017/07/18, 21589.94, 21589.94, 21471.14, 21574.73
2017/07/19, 21569.25, 21640.75, 21565.84, 21640.75
2017/07/20, 21641.54, 21661.91, 21576.96, 21611.78
2017/07/21, 21591.72, 21592.61, 21503.78, 21580.07
2017/07/24, 21577.78, 21577.78, 21496.13, 21513.17
2017/07/25, 21638.56, 21670.62, 21577.37, 21613.43
2017/07/26, 21690.38, 21742.70, 21683.29, 21711.01
2017/07/27, 21717.42, 21798.47, 21687.85, 21796.55
2017/07/28, 21787.51, 21841.18, 21756.12, 21830.31
2017/07/31, 21863.39, 21929.80, 21861.71, 21891.12
2017/08/01, 21961.42, 21990.96, 21940.81, 21963.92
2017/08/02, 22004.36, 22036.10, 21967.46, 22016.24
2017/08/03, 22007.58, 22044.85, 21991.32, 22026.10
2017/08/04, 22058.39, 22092.81, 22024.64, 22092.81
2017/08/07, 22100.20, 22121.15, 22081.97, 22118.42
2017/08/08, 22095.14, 22179.11, 22057.29, 22085.34
2017/08/09, 22022.34, 22057.19, 21996.69, 22048.70
2017/08/10, 21988.20, 21988.20, 21843.94, 21844.01
2017/08/11, 21883.32, 21911.09, 21842.74, 21858.32
2017/08/14, 21945.64, 22019.23, 21945.64, 21993.71
2017/08/15, 22029.91, 22038.92, 21971.48, 21998.99
2017/08/16, 22031.93, 22085.71, 22002.47, 22024.87
2017/08/17, 21984.74, 21984.74, 21750.32, 21750.73
2017/08/18, 21724.88, 21793.35, 21641.63, 21674.51
2017/08/21, 21671.36, 21718.74, 21600.34, 21703.75
2017/08/22, 21739.78, 21912.83, 21738.13, 21899.89
2017/08/23, 21850.27, 21866.66, 21808.39, 21812.09
2017/08/24, 21839.90, 21870.11, 21765.82, 21783.40
2017/08/25, 21819.08, 21906.86, 21812.81, 21813.67
2017/08/28, 21832.50, 21861.49, 21767.94, 21808.40
2017/08/29, 21718.00, 21879.22, 21673.58, 21865.37
2017/08/30, 21859.76, 21914.26, 21839.47, 21892.43
2017/08/31, 21936.01, 21985.76, 21910.50, 21948.10
2017/09/01, 21981.77, 22038.97, 21974.91, 21987.56
2017/09/05, 21912.37, 21921.09, 21709.63, 21753.31
2017/09/06, 21815.76, 21849.24, 21794.07, 21807.64
2017/09/07, 21820.38, 21850.01, 21745.71, 21784.78
2017/09/08, 21764.43, 21846.63, 21731.12, 21797.79
2017/09/11, 21927.79, 22067.10, 21927.79, 22057.37
2017/09/12, 22090.56, 22134.57, 22087.09, 22118.86
2017/09/13, 22103.47, 22158.18, 22095.79, 22158.18
2017/09/14, 22144.96, 22216.44, 22135.26, 22203.48
2017/09/15, 22252.44, 22275.02, 22214.52, 22268.34
2017/09/18, 22297.92, 22355.62, 22283.35, 22331.35
2017/09/19, 22349.70, 22386.01, 22340.71, 22370.80
2017/09/20, 22351.38, 22413.26, 22314.68, 22412.59
2017/09/21, 22414.02, 22419.51, 22356.55, 22359.23
2017/09/22, 22334.07, 22364.31, 22299.58, 22349.59
2017/09/25, 22320.47, 22359.88, 22219.11, 22296.09
2017/09/26, 22322.03, 22369.35, 22279.52, 22284.32
2017/09/27, 22330.93, 22371.10, 22254.93, 22340.71
2017/09/28, 22306.83, 22394.74, 22288.97, 22381.20
2017/09/29, 22358.47, 22405.63, 22332.96, 22405.09
2017/10/02, 22423.47, 22559.38, 22416.00, 22557.60
2017/10/03, 22564.45, 22646.32, 22562.90, 22641.67
2017/10/04, 22645.67, 22685.94, 22632.80, 22661.64
2017/10/05, 22669.08, 22777.04, 22655.14, 22775.39
2017/10/06, 22762.03, 22773.67, 22730.85, 22773.67
2017/10/09, 22779.73, 22803.37, 22739.38, 22761.07
2017/10/10, 22784.76, 22850.51, 22770.99, 22830.68
2017/10/11, 22827.65, 22872.89, 22821.66, 22872.89
2017/10/12, 22854.85, 22884.82, 22821.13, 22841.01
2017/10/13, 22876.43, 22905.33, 22855.93, 22871.72
2017/10/16, 22892.92, 22960.12, 22887.12, 22956.96
2017/10/17, 22952.41, 23002.20, 22948.23, 22997.44
2017/10/18, 23087.13, 23172.93, 23086.75, 23157.60
2017/10/19, 23107.47, 23167.24, 23052.67, 23163.04
2017/10/20, 23205.18, 23328.84, 23201.78, 23328.63
2017/10/23, 23348.95, 23368.37, 23273.96, 23273.96
2017/10/24, 23346.78, 23485.25, 23343.23, 23441.76
2017/10/25, 23431.09, 23451.51, 23251.11, 23329.46
2017/10/26, 23380.89, 23459.84, 23380.89, 23400.86
2017/10/27, 23419.16, 23449.40, 23353.16, 23434.19
2017/10/30, 23405.75, 23428.75, 23327.87, 23348.74
2017/10/31, 23369.22, 23406.35, 23334.39, 23377.24
2017/11/01, 23442.90, 23517.71, 23388.91, 23435.01
2017/11/02, 23463.24, 23531.38, 23350.98, 23516.26
2017/11/03, 23549.59, 23557.06, 23481.57, 23539.19
2017/11/06, 23533.96, 23574.86, 23520.75, 23548.42
2017/11/07, 23574.03, 23602.12, 23484.19, 23557.23
2017/11/08, 23542.60, 23575.00, 23510.56, 23563.36
2017/11/09, 23492.09, 23516.74, 23310.02, 23461.94
2017/11/10, 23432.71, 23452.20, 23392.96, 23422.21
