"2012/01/04","21.58","","",""
"2012/01/05","21.44","","",""
"2012/01/06","20.80","","",""
"2012/01/10","20.64","","",""
"2012/01/11","20.53","","",""
"2012/01/12","20.40","","",""
"2012/01/13","20.62","","",""
"2012/01/16","21.44","","",""
"2012/01/17","20.58","","",""
"2012/01/18","20.51","","",""
"2012/01/19","20.40","","",""
"2012/01/20","20.80","","",""
"2012/01/23","21.42","","",""
"2012/01/24","21.02","","",""
"2012/01/25","21.07","","",""
"2012/01/26","20.43","","",""
"2012/01/27","19.98","","",""
"2012/01/30","21.25","21.02","21.79","20.50"
"2012/01/31","20.73","21.29","21.40","20.73"
"2012/02/01","20.69","20.74","20.98","20.32"
"2012/02/02","20.64","19.84","20.82","19.79"
"2012/02/03","20.32","20.57","20.72","20.04"
"2012/02/06","20.95","20.14","21.03","20.14"
"2012/02/07","20.37","21.00","21.17","20.37"
"2012/02/08","21.01","20.74","21.26","20.53"
"2012/02/09","20.91","20.72","21.15","20.47"
"2012/02/10","21.22","20.54","21.25","20.21"
"2012/02/13","21.23","21.68","21.89","20.96"
"2012/02/14","19.59","20.60","20.97","19.56"
"2012/02/15","20.78","18.85","21.16","18.76"
"2012/02/16","22.18","20.61","22.35","20.50"
"2012/02/17","22.11","21.15","22.86","21.15"
"2012/02/20","23.72","22.94","23.80","22.60"
"2012/02/21","21.50","23.13","23.43","21.46"
"2012/02/22","21.22","21.01","21.78","20.91"
"2012/02/23","21.36","21.35","22.00","20.95"
"2012/02/24","20.83","20.70","21.11","20.00"
"2012/02/27","21.60","21.72","22.27","21.50"
"2012/02/28","23.27","22.34","23.37","21.81"
"2012/02/29","23.39","22.77","24.23","22.71"
"2012/03/01","24.24","23.30","24.61","22.86"
"2012/03/02","22.58","23.52","24.13","22.46"
"2012/03/05","22.59","22.70","23.62","21.90"
"2012/03/06","21.96","21.97","23.19","21.77"
"2012/03/07","22.77","23.21","23.45","22.50"
"2012/03/08","22.28","21.58","22.40","21.22"
"2012/03/09","23.87","22.47","23.87","22.01"
"2012/03/12","22.93","23.24","23.48","22.75"
"2012/03/13","22.96","22.43","23.88","21.87"
"2012/03/14","23.31","23.81","24.13","23.10"
"2012/03/15","22.75","22.93","23.11","22.30"
"2012/03/16","20.95","21.89","21.89","20.88"
"2012/03/19","20.61","21.08","21.16","20.53"
"2012/03/21","20.87","20.73","21.04","20.18"
"2012/03/22","20.02","20.86","20.90","19.97"
"2012/03/23","20.37","20.59","20.70","20.11"
"2012/03/26","20.49","20.69","20.74","20.26"
"2012/03/27","20.25","19.76","20.65","19.59"
"2012/03/28","19.68","19.89","19.96","19.54"
"2012/03/29","19.71","19.27","19.71","19.10"
"2012/03/30","19.42","19.72","20.20","19.42"
"2012/04/02","18.94","19.66","19.73","18.83"
"2012/04/03","18.92","18.88","19.04","18.65"
"2012/04/04","20.23","18.54","20.54","18.49"
"2012/04/05","19.85","21.26","21.73","19.64"
"2012/04/06","19.95","20.21","20.88","19.86"
"2012/04/09","20.38","21.03","21.26","20.03"
"2012/04/10","19.87","20.04","20.20","19.34"
"2012/04/11","21.12","20.88","21.92","20.39"
"2012/04/12","20.26","20.55","20.83","20.10"
"2012/04/13","19.65","19.61","19.97","19.16"
"2012/04/16","21.43","20.70","21.56","20.52"
"2012/04/17","20.59","21.32","21.33","20.56"
"2012/04/18","19.34","19.69","20.03","19.34"
"2012/04/19","19.71","20.01","20.14","19.70"
"2012/04/20","19.13","19.56","19.77","19.13"
"2012/04/23","19.86","19.53","20.22","19.29"
"2012/04/24","20.71","20.72","21.15","20.56"
"2012/04/25","20.39","20.16","20.55","20.04"
"2012/04/26","20.37","20.23","20.59","19.67"
"2012/04/27","20.53","20.43","21.11","19.58"
"2012/05/01","20.69","20.72","21.11","20.23"
"2012/05/02","19.82","20.15","20.30","19.51"
"2012/05/07","22.58","22.98","23.21","22.23"
"2012/05/08","20.82","21.35","21.38","20.82"
"2012/05/09","21.85","21.34","22.49","21.08"
"2012/05/10","21.89","22.44","22.72","21.39"
"2012/05/11","22.71","21.94","22.72","21.28"
"2012/05/14","21.90","22.82","22.82","21.63"
"2012/05/15","22.14","22.24","22.87","21.75"
"2012/05/16","24.67","22.09","24.67","22.06"
"2012/05/17","22.79","23.64","23.95","22.44"
"2012/05/18","28.56","24.33","30.07","24.33"
"2012/05/21","26.75","28.11","28.13","26.15"
"2012/05/22","24.87","25.01","25.52","24.52"
"2012/05/23","27.41","24.77","28.39","24.77"
"2012/05/24","26.80","27.76","28.46","26.41"
"2012/05/25","25.57","25.89","26.27","24.70"
"2012/05/28","25.11","25.84","25.89","24.99"
"2012/05/29","24.87","25.40","26.54","24.69"
"2012/05/30","24.63","24.49","25.41","24.31"
"2012/05/31","26.22","26.87","27.96","26.08"
"2012/06/01","27.65","26.93","27.79","26.69"
"2012/06/04","30.93","32.49","32.49","30.76"
"2012/06/05","27.99","28.52","29.16","27.93"
"2012/06/06","26.63","27.57","27.79","26.63"
"2012/06/07","25.50","25.00","26.39","24.88"
"2012/06/08","28.56","25.43","28.73","25.41"
"2012/06/11","26.22","26.07","27.11","25.94"
"2012/06/12","27.65","28.03","28.55","27.24"
"2012/06/13","26.67","27.28","27.59","26.31"
"2012/06/14","27.73","27.88","28.37","27.45"
"2012/06/15","28.98","27.49","29.46","27.49"
"2012/06/18","23.91","26.46","26.46","23.43"
"2012/06/19","23.05","23.60","23.83","22.52"
"2012/06/20","22.49","22.57","22.75","22.25"
"2012/06/21","20.92","21.70","21.71","20.40"
"2012/06/22","20.75","21.60","21.81","20.75"
"2012/06/25","21.78","21.02","22.01","20.83"
"2012/06/26","21.48","21.82","22.34","21.28"
"2012/06/27","20.83","21.12","21.16","20.73"
"2012/06/28","21.09","20.39","21.21","20.11"
"2012/06/29","21.84","21.39","22.36","21.26"
"2012/07/02","21.06","21.08","21.59","20.92"
"2012/07/03","19.91","20.75","20.79","19.81"
"2012/07/04","19.45","19.48","19.97","19.30"
"2012/07/05","19.98","19.33","20.29","19.27"
"2012/07/06","20.06","20.36","20.62","19.72"
"2012/07/09","20.20","20.26","20.42","19.83"
"2012/07/10","19.80","19.77","20.17","18.85"
"2012/07/11","18.80","19.98","20.35","18.74"
"2012/07/12","19.72","18.83","20.31","18.83"
"2012/07/13","18.97","19.65","19.73","18.81"
"2012/07/17","18.75","19.28","19.33","18.03"
"2012/07/18","18.56","17.92","18.94","17.43"
"2012/07/19","17.68","17.47","18.25","17.20"
"2012/07/20","17.60","17.91","18.42","17.60"
"2012/07/23","21.37","19.16","21.61","18.93"
"2012/07/24","21.15","21.67","21.85","21.02"
"2012/07/25","22.64","21.69","23.29","21.68"
"2012/07/26","21.27","21.30","22.15","21.05"
"2012/07/27","19.40","20.37","20.79","19.40"
"2012/07/30","19.86","19.48","20.62","19.28"
"2012/07/31","20.17","19.85","20.60","19.70"
"2012/08/01","21.04","20.61","21.36","20.55"
"2012/08/02","21.19","20.63","21.27","20.39"
"2012/08/03","20.04","21.41","21.41","20.04"
"2012/08/06","18.63","17.70","18.95","17.69"
"2012/08/07","18.28","18.59","19.02","18.14"
"2012/08/08","19.02","18.50","20.01","18.50"
"2012/08/09","18.60","18.58","19.34","17.81"
"2012/08/10","17.59","17.73","18.23","17.14"
"2012/08/13","17.94","17.87","18.06","17.41"
"2012/08/14","17.72","17.58","18.11","17.43"
"2012/08/15","18.06","17.77","18.71","17.53"
"2012/08/16","18.21","18.28","19.04","17.98"
"2012/08/17","18.11","18.08","18.46","17.97"
"2012/08/20","19.10","19.46","19.71","19.07"
"2012/08/21","18.09","18.32","18.56","17.84"
"2012/08/22","18.19","18.17","19.07","17.96"
"2012/08/23","18.31","18.17","18.51","17.64"
"2012/08/24","18.32","18.12","18.89","18.10"
"2012/08/27","18.62","18.98","19.01","18.11"
"2012/08/28","19.16","18.75","20.07","18.18"
"2012/08/29","18.60","19.00","19.15","18.60"
"2012/08/30","19.98","18.92","20.65","18.86"
"2012/08/31","20.84","20.32","20.84","19.86"
"2012/09/03","20.69","20.40","21.44","18.99"
"2012/09/04","20.09","20.08","21.33","19.80"
"2012/09/05","20.69","20.35","21.14","20.21"
"2012/09/06","20.90","20.85","21.49","20.75"
"2012/09/07","19.18","18.15","19.79","17.91"
"2012/09/10","18.64","19.10","19.56","18.64"
"2012/09/11","19.25","19.17","19.55","18.93"
"2012/09/12","19.29","19.43","19.49","18.55"
"2012/09/13","19.27","18.80","19.43","18.40"
"2012/09/14","18.70","18.50","19.45","18.17"
"2012/09/18","19.01","18.61","19.31","18.50"
"2012/09/19","19.34","19.36","19.91","19.08"
"2012/09/20","19.52","18.63","19.75","18.35"
"2012/09/21","18.26","18.91","18.91","18.19"
"2012/09/24","18.96","19.08","19.34","18.82"
"2012/09/25","18.85","18.56","19.13","18.47"
"2012/09/26","18.39","18.30","18.51","18.14"
"2012/09/27","18.35","18.69","18.99","18.27"
"2012/09/28","17.87","17.96","18.37","17.54"
"2012/10/01","18.57","18.57","18.96","18.11"
"2012/10/02","18.15","18.12","18.39","17.79"
"2012/10/03","18.15","17.96","18.39","17.58"
"2012/10/04","17.43","17.71","18.30","17.32"
"2012/10/05","17.15","17.38","17.86","16.88"
"2012/10/09","17.87","17.69","18.00","16.98"
"2012/10/10","18.10","17.63","18.43","17.49"
"2012/10/11","19.38","19.10","19.63","18.06"
"2012/10/12","17.77","18.37","18.80","17.77"
"2012/10/15","17.35","18.48","18.75","17.35"
"2012/10/16","17.66","17.06","17.84","16.99"
"2012/10/17","17.82","17.59","18.08","17.35"
"2012/10/18","18.82","17.86","19.04","17.80"
"2012/10/19","17.99","18.40","18.73","17.90"
"2012/10/22","19.02","18.51","19.54","18.29"
"2012/10/23","19.75","18.91","19.78","18.81"
"2012/10/24","19.55","19.62","20.08","19.47"
"2012/10/25","19.56","19.42","19.70","19.11"
"2012/10/26","20.49","20.17","20.76","19.87"
"2012/10/29","20.38","20.71","20.75","20.15"
"2012/10/30","19.99","20.61","21.17","19.94"
"2012/10/31","19.01","18.93","19.54","18.66"
"2012/11/01","19.13","18.90","19.78","18.90"
"2012/11/02","18.42","18.74","18.91","18.38"
"2012/11/05","19.06","19.53","19.61","18.85"
"2012/11/06","19.32","19.22","19.60","19.06"
"2012/11/07","18.31","19.45","19.78","18.31"
"2012/11/08","18.28","18.67","18.73","17.71"
"2012/11/09","19.30","19.01","19.67","18.45"
"2012/11/12","17.96","18.33","18.63","17.70"
"2012/11/13","17.17","17.86","17.88","17.05"
"2012/11/14","16.71","17.10","17.14","16.60"
"2012/11/15","17.67","17.12","18.36","16.90"
"2012/11/16","18.44","17.86","19.23","17.86"
"2012/11/19","18.66","19.16","19.43","18.59"
"2012/11/20","17.59","18.74","18.74","17.41"
"2012/11/21","17.85","17.96","18.48","17.60"
"2012/11/22","17.98","17.53","18.19","17.53"
"2012/11/26","18.86","19.63","19.98","18.71"
"2012/11/27","18.20","18.52","18.56","17.98"
"2012/11/28","17.67","17.92","17.92","17.25"
"2012/11/29","17.27","17.23","17.48","17.08"
"2012/11/30","17.11","17.42","17.84","16.89"
"2012/12/03","17.58","18.21","18.37","17.58"
"2012/12/04","17.32","17.29","17.83","17.23"
"2012/12/05","17.61","16.83","17.90","16.73"
"2012/12/06","17.40","17.32","17.72","16.85"
"2012/12/07","16.94","17.04","17.47","16.91"
"2012/12/10","17.88","17.89","18.27","17.33"
"2012/12/11","17.46","17.41","17.64","17.05"
"2012/12/12","17.39","16.86","17.80","16.82"
"2012/12/13","19.10","17.63","19.27","17.56"
"2012/12/14","19.49","18.90","19.81","18.84"
"2012/12/17","17.62","18.81","19.12","17.41"
"2012/12/18","17.16","16.97","17.56","16.82"
"2012/12/19","18.79","17.21","18.79","17.03"
"2012/12/20","18.82","18.82","19.34","17.67"
"2012/12/21","21.74","18.28","22.10","18.28"
"2012/12/25","20.84","21.01","21.05","20.33"
"2012/12/26","21.58","20.52","21.60","20.37"
"2012/12/27","23.16","21.74","23.29","21.74"
"2012/12/28","22.45","22.93","23.11","22.42"
"2013/01/04","21.95","23.55","23.55","21.63"
"2013/01/07","20.51","22.32","22.34","20.15"
"2013/01/08","19.06","19.93","20.08","18.59"
"2013/01/09","19.42","18.63","19.73","18.06"
"2013/01/10","20.15","19.66","20.47","19.66"
"2013/01/11","20.99","21.21","21.77","20.57"
"2013/01/15","21.82","21.18","22.13","20.92"
"2013/01/16","22.41","21.35","22.55","21.17"
"2013/01/17","22.32","22.45","23.67","21.56"
"2013/01/18","23.90","22.71","24.04","22.71"
"2013/01/21","24.08","24.24","24.73","23.86"
"2013/01/22","22.48","23.96","24.00","21.98"
"2013/01/23","20.22","21.81","21.91","20.02"
"2013/01/24","21.34","20.07","21.88","19.93"
"2013/01/25","22.20","21.73","22.31","21.39"
"2013/01/28","23.81","23.64","24.10","23.42"
"2013/01/29","22.70","23.33","23.36","22.19"
"2013/01/30","23.76","22.59","24.40","22.45"
"2013/01/31","23.29","23.90","23.93","23.29"
"2013/02/01","23.34","23.07","24.03","23.03"
"2013/02/04","23.66","24.06","24.08","23.24"
"2013/02/05","23.96","23.60","24.22","23.35"
"2013/02/06","24.96","24.69","26.01","24.43"
"2013/02/07","26.49","25.10","26.75","24.95"
"2013/02/08","27.71","26.33","27.96","26.31"
"2013/02/12","28.19","29.10","29.20","28.19"
"2013/02/13","26.82","27.85","27.88","26.16"
"2013/02/14","25.58","26.71","27.00","25.58"
"2013/02/15","26.83","25.69","26.98","24.98"
"2013/02/18","27.76","26.87","28.03","26.69"
"2013/02/19","27.58","27.14","28.04","27.05"
"2013/02/20","27.17","27.58","28.09","27.17"
"2013/02/21","27.05","26.79","27.11","25.83"
"2013/02/22","27.44","27.53","27.96","26.84"
"2013/02/25","27.98","28.09","28.30","27.39"
"2013/02/26","28.32","28.17","28.96","27.74"
"2013/02/27","29.20","28.90","29.32","27.73"
"2013/02/28","27.80","28.41","28.46","27.49"
"2013/03/01","26.51","27.55","27.55","26.29"
"2013/03/04","27.14","28.19","28.25","19.67"
"2013/03/05","25.94","26.22","26.84","25.92"
"2013/03/06","24.80","25.62","25.96","24.80"
"2013/03/07","25.09","25.50","25.70","25.05"
"2013/03/08","26.64","24.85","26.69","23.94"
"2013/03/11","26.49","26.25","26.54","25.30"
"2013/03/12","25.72","25.93","26.15","25.17"
"2013/03/13","24.70","25.43","25.43","24.20"
"2013/03/14","23.85","24.24","24.31","23.58"
"2013/03/15","22.59","23.78","24.00","22.59"
"2013/03/18","26.11","23.86","26.22","23.70"
"2013/03/19","24.14","24.67","24.67","23.43"
"2013/03/21","24.14","24.34","24.63","23.91"
"2013/03/22","27.49","24.76","28.32","24.68"
"2013/03/25","25.66","26.59","26.59","25.18"
"2013/03/26","26.33","25.94","26.58","25.56"
"2013/03/27","25.64","25.61","25.77","25.26"
"2013/03/28","26.44","25.80","27.54","25.63"
"2013/03/29","25.67","26.30","26.31","25.33"
"2013/04/01","27.07","26.06","27.49","26.04"
"2013/04/02","27.71","27.84","29.76","27.18"
"2013/04/03","27.12","27.16","27.53","26.89"
"2013/04/04","26.14","27.46","28.19","25.48"
"2013/04/05","28.65","26.89","29.53","26.24"
"2013/04/08","29.79","29.54","30.53","29.28"
"2013/04/09","29.64","31.81","32.36","29.47"
"2013/04/10","28.43","29.03","29.36","26.98"
"2013/04/11","28.86","28.34","28.97","27.38"
"2013/04/12","28.60","28.00","28.69","27.22"
"2013/04/15","27.90","29.29","29.29","27.72"
"2013/04/16","28.15","28.97","29.16","28.01"
"2013/04/17","25.81","27.48","27.48","25.72"
"2013/04/18","25.92","26.33","26.68","25.39"
"2013/04/19","25.23","25.89","26.06","25.15"
"2013/04/22","25.87","26.21","26.39","25.72"
"2013/04/23","25.36","25.65","25.82","25.28"
"2013/04/24","25.63","25.14","25.69","25.03"
"2013/04/25","25.79","25.51","26.00","24.93"
"2013/04/26","25.59","25.56","25.97","24.87"
"2013/04/30","25.25","26.51","26.51","25.21"
"2013/05/01","23.48","24.84","24.84","23.26"
"2013/05/02","24.20","23.30","24.20","23.09"
"2013/05/07","24.76","24.60","25.08","23.23"
"2013/05/08","25.77","24.25","25.95","24.02"
"2013/05/09","25.61","24.64","25.70","24.45"
"2013/05/10","26.08","24.90","26.82","24.90"
"2013/05/13","27.07","26.85","28.17","26.72"
"2013/05/14","26.43","26.69","27.04","26.12"
"2013/05/15","26.59","26.24","26.92","26.20"
"2013/05/16","26.65","26.63","27.30","26.33"
"2013/05/17","26.53","27.04","27.04","26.33"
"2013/05/20","27.30","27.37","27.67","26.73"
"2013/05/21","27.20","26.97","27.31","26.83"
"2013/05/22","27.61","27.48","27.86","26.98"
"2013/05/23","43.74","27.80","48.35","27.47"
"2013/05/24","39.59","39.85","45.82","35.96"
"2013/05/27","38.58","43.68","44.44","36.82"
"2013/05/28","37.08","38.60","38.60","35.05"
"2013/05/29","36.30","36.06","37.22","34.74"
"2013/05/30","38.47","36.48","38.86","35.83"
"2013/05/31","36.60","36.99","37.33","35.65"
"2013/06/03","37.41","37.93","38.84","37.05"
"2013/06/04","37.86","37.27","39.42","37.27"
"2013/06/05","41.03","38.51","41.03","38.40"
"2013/06/06","41.40","41.03","41.72","39.18"
"2013/06/07","42.70","41.10","43.38","40.41"
"2013/06/10","40.59","43.38","43.91","40.39"
"2013/06/11","39.31","40.55","41.61","39.29"
"2013/06/12","38.90","41.67","42.75","38.90"
"2013/06/13","46.19","40.00","47.41","40.00"
"2013/06/14","41.59","42.23","43.10","40.34"
"2013/06/17","39.09","42.22","42.34","39.04"
"2013/06/18","38.34","39.00","39.00","37.98"
"2013/06/19","38.99","37.82","39.18","37.82"
"2013/06/20","37.57","38.57","38.57","36.17"
"2013/06/21","36.54","38.94","40.37","36.54"
"2013/06/24","37.83","36.35","37.90","36.16"
"2013/06/25","37.74","37.53","38.76","35.91"
"2013/06/26","36.93","36.51","37.51","26.05"
"2013/06/27","35.31","35.84","36.21","34.50"
"2013/06/28","35.17","34.59","35.36","34.54"
"2013/07/01","36.30","35.77","36.47","35.64"
"2013/07/02","34.88","35.68","35.75","34.79"
"2013/07/03","34.76","34.43","35.29","34.40"
"2013/07/04","34.56","35.19","35.39","34.00"
"2013/07/05","34.42","34.02","34.62","33.97"
"2013/07/08","34.17","34.29","35.93","33.69"
"2013/07/09","31.59","33.93","34.05","31.48"
"2013/07/10","30.66","31.16","31.78","30.42"
"2013/07/11","29.35","31.66","31.66","29.20"
"2013/07/12","27.43","28.66","28.81","26.86"
"2013/07/16","29.63","27.28","29.75","25.55"
"2013/07/17","29.79","30.19","30.71","29.27"
"2013/07/18","30.55","29.39","31.02","29.14"
"2013/07/19","30.84","30.78","37.03","28.88"
"2013/07/22","29.92","30.97","31.41","29.39"
"2013/07/23","27.24","28.85","28.94","26.76"
"2013/07/24","25.84","26.88","27.47","25.81"
"2013/07/25","25.44","24.95","25.56","23.96"
"2013/07/26","29.25","27.13","30.68","26.93"
"2013/07/29","32.42","31.70","32.42","30.34"
"2013/07/30","28.58","31.11","31.11","28.58"
"2013/07/31","28.67","29.03","29.33","27.71"
"2013/08/01","27.60","28.01","28.01","26.41"
"2013/08/02","28.01","27.46","28.42","27.16"
"2013/08/05","27.75","27.30","34.84","26.57"
"2013/08/06","26.79","26.86","31.52","26.44"
"2013/08/07","29.26","28.62","32.64","27.23"
"2013/08/08","31.18","33.84","33.98","29.40"
"2013/08/09","30.36","30.63","31.52","29.62"
"2013/08/12","29.48","30.49","31.65","29.19"
"2013/08/13","28.92","29.30","29.38","28.57"
"2013/08/14","28.66","29.07","29.07","27.85"
"2013/08/15","28.79","28.69","29.18","28.18"
"2013/08/16","29.96","29.29","30.10","29.11"
"2013/08/19","28.25","29.80","29.80","28.25"
"2013/08/20","28.93","28.11","29.66","27.76"
"2013/08/21","29.10","28.77","30.40","28.43"
"2013/08/22","29.42","29.52","30.03","28.83"
"2013/08/23","28.37","28.77","28.86","28.15"
"2013/08/26","27.99","28.56","28.65","27.95"
"2013/08/27","27.91","28.30","28.40","27.60"
"2013/08/28","29.64","29.81","30.62","29.32"
"2013/08/29","28.64","28.81","28.94","28.40"
"2013/08/30","28.82","28.29","29.21","28.09"
"2013/09/02","30.27","29.46","30.32","29.13"
"2013/09/03","31.05","29.68","31.30","29.68"
"2013/09/04","31.07","31.41","32.36","30.98"
"2013/09/05","30.79","30.88","31.16","30.33"
"2013/09/06","31.94","30.54","32.33","30.02"
"2013/09/09","29.94","30.67","31.72","28.65"
"2013/09/10","29.17","28.68","29.47","28.62"
"2013/09/11","27.74","28.44","28.46","27.58"
"2013/09/12","27.23","27.33","27.44","26.79"
"2013/09/13","25.91","26.71","26.95","25.87"
"2013/09/17","25.47","26.51","26.51","25.10"
"2013/09/18","26.57","25.18","26.93","25.18"
"2013/09/19","25.22","25.68","26.08","25.11"
"2013/09/20","24.16","25.04","25.70","24.03"
"2013/09/24","24.51","24.80","25.06","24.24"
"2013/09/25","24.77","24.46","24.90","24.34"
"2013/09/26","25.28","24.78","25.93","24.63"
"2013/09/27","24.40","25.01","25.03","24.25"
"2013/09/30","26.36","26.09","26.70","25.54"
"2013/10/01","25.77","26.34","26.34","25.52"
"2013/10/02","26.24","25.29","26.86","24.47"
"2013/10/03","25.49","26.09","26.27","25.32"
"2013/10/04","24.96","26.21","26.52","24.66"
"2013/10/07","25.39","25.44","26.06","25.01"
"2013/10/08","25.31","25.98","26.19","25.28"
"2013/10/09","25.60","26.20","26.20","25.50"
"2013/10/10","25.19","25.55","25.69","25.00"
"2013/10/11","23.43","24.75","24.75","23.20"
"2013/10/15","24.05","23.89","24.17","23.61"
"2013/10/16","24.34","23.91","24.39","23.73"
"2013/10/17","21.61","23.20","23.20","21.52"
"2013/10/18","19.99","21.31","21.31","19.79"
"2013/10/21","21.11","20.53","21.34","20.29"
"2013/10/22","20.73","20.60","20.91","20.40"
"2013/10/23","20.81","20.15","21.15","19.85"
"2013/10/24","20.69","20.95","21.64","20.54"
"2013/10/25","21.97","20.59","22.31","20.41"
"2013/10/28","22.12","22.12","22.35","21.85"
"2013/10/29","21.92","22.15","22.51","21.49"
"2013/10/30","21.38","21.29","21.69","21.29"
"2013/10/31","21.33","21.58","21.98","21.07"
"2013/11/01","22.03","21.31","22.94","21.01"
"2013/11/05","22.98","22.54","23.96","22.12"
"2013/11/06","21.11","21.09","21.40","20.58"
"2013/11/07","22.07","20.60","22.40","20.38"
"2013/11/08","21.05","20.82","21.44","20.59"
"2013/11/11","20.52","20.39","20.95","20.15"
"2013/11/12","20.98","20.24","21.27","20.07"
"2013/11/13","21.68","21.01","22.16","20.87"
"2013/11/14","23.51","21.95","24.57","21.95"
"2013/11/15","25.59","24.71","26.00","24.59"
"2013/11/18","26.14","26.31","27.01","26.14"
"2013/11/19","24.77","25.51","25.54","24.54"
"2013/11/20","25.21","24.43","25.40","24.36"
"2013/11/21","25.09","25.05","25.65","24.54"
"2013/11/22","25.23","25.09","26.18","24.92"
"2013/11/25","24.82","25.24","25.38","24.80"
"2013/11/26","23.63","24.71","24.77","23.37"
"2013/11/27","22.65","23.72","23.72","22.64"
"2013/11/28","22.70","22.69","23.01","22.63"
"2013/11/29","22.96","22.46","24.09","22.16"
"2013/12/02","23.46","23.64","24.16","23.35"
"2013/12/03","23.60","23.46","23.73","23.33"
"2013/12/04","24.24","24.13","25.50","23.63"
"2013/12/05","25.69","24.60","26.22","24.21"
"2013/12/06","25.68","26.23","26.48","25.28"
"2013/12/09","25.84","24.53","25.92","24.53"
"2013/12/10","25.13","25.16","25.69","25.11"
"2013/12/11","25.47","24.80","25.86","24.65"
"2013/12/12","25.58","25.70","26.31","25.45"
"2013/12/13","26.10","25.10","26.29","25.10"
"2013/12/16","25.80","26.51","26.67","25.77"
"2013/12/17","26.40","25.40","26.61","25.37"
"2013/12/18","25.64","26.53","27.51","25.54"
"2013/12/19","23.42","24.42","24.43","23.06"
"2013/12/20","22.14","23.19","23.19","21.57"
"2013/12/24","23.64","23.11","23.76","22.97"
"2013/12/25","23.20","23.49","23.92","23.14"
"2013/12/26","23.43","23.17","24.18","23.17"
"2013/12/27","23.05","23.46","23.93","23.05"
"2013/12/30","22.84","23.43","23.77","22.28"
"2014/01/06","24.67","24.62","25.57","23.53"
"2014/01/07","23.38","24.49","24.49","23.11"
"2014/01/08","22.17","23.00","23.00","22.10"
"2014/01/09","21.96","22.39","23.05","21.83"
"2014/01/10","21.41","21.98","22.16","21.28"
"2014/01/14","24.70","23.27","25.41","23.27"
"2014/01/15","24.95","24.51","25.36","24.13"
"2014/01/16","24.40","24.56","24.56","23.62"
"2014/01/17","23.11","24.16","24.16","23.02"
"2014/01/20","22.76","23.61","24.08","22.76"
"2014/01/21","22.11","22.24","22.53","21.99"
"2014/01/22","21.43","22.13","22.28","21.20"
"2014/01/23","21.40","20.86","21.45","20.63"
"2014/01/24","22.67","22.33","23.38","22.03"
"2014/01/27","27.34","28.17","29.18","26.43"
"2014/01/28","26.99","26.91","27.02","25.28"
"2014/01/29","26.19","26.12","26.56","25.33"
"2014/01/30","28.26","27.97","30.05","27.39"
"2014/01/31","29.11","26.82","30.16","26.18"
"2014/02/03","30.25","31.21","31.21","29.17"
"2014/02/04","33.21","32.70","33.21","30.85"
"2014/02/05","32.37","31.82","32.97","31.00"
"2014/02/06","30.75","31.52","31.60","29.92"
"2014/02/07","29.98","29.93","30.41","28.65"
"2014/02/10","27.76","30.47","30.47","27.75"
"2014/02/12","26.94","27.98","28.12","26.73"
"2014/02/13","28.09","26.68","28.23","26.41"
"2014/02/14","28.69","26.83","30.74","25.79"
"2014/02/17","28.56","28.12","29.87","28.01"
"2014/02/18","27.67","27.77","28.79","27.67"
"2014/02/19","28.03","27.68","28.59","27.58"
"2014/02/20","28.94","28.29","29.66","27.91"
"2014/02/21","28.00","28.01","28.22","27.69"
"2014/02/24","27.88","28.23","28.98","27.53"
"2014/02/25","27.17","27.29","27.34","26.76"
"2014/02/26","26.28","27.13","27.15","26.13"
"2014/02/27","25.93","26.29","26.86","25.79"
"2014/02/28","25.93","26.03","26.67","25.76"
"2014/03/03","27.75","27.91","30.81","27.59"
"2014/03/04","27.32","27.92","28.18","27.01"
"2014/03/05","26.80","26.78","26.90","26.28"
"2014/03/06","26.95","26.46","27.05","25.88"
"2014/03/07","26.79","26.55","27.25","26.14"
"2014/03/10","27.68","27.55","28.55","27.06"
"2014/03/11","25.99","27.11","27.57","25.99"
"2014/03/12","26.38","25.99","26.57","25.83"
"2014/03/13","26.25","25.32","26.25","25.14"
"2014/03/14","29.70","27.74","30.04","27.44"
"2014/03/17","28.35","29.88","30.20","28.35"
"2014/03/18","26.82","26.51","26.91","26.19"
"2014/03/19","26.08","26.34","26.99","25.59"
"2014/03/20","26.65","25.50","27.35","25.32"
"2014/03/24","25.72","26.86","26.86","25.71"
"2014/03/25","25.51","25.89","26.19","25.23"
"2014/03/26","24.22","24.66","24.74","24.22"
"2014/03/27","24.04","24.31","24.44","23.73"
"2014/03/28","23.71","23.90","23.99","23.63"
"2014/03/31","24.20","24.26","24.60","23.87"
"2014/04/01","24.24","24.32","24.37","23.87"
"2014/04/02","24.66","24.03","24.92","24.00"
"2014/04/03","24.34","24.22","24.76","24.22"
"2014/04/04","23.99","24.18","24.44","23.90"
"2014/04/07","23.94","24.64","24.66","23.90"
"2014/04/08","23.40","23.95","24.52","23.28"
"2014/04/09","23.40","23.64","24.18","23.00"
"2014/04/10","23.57","22.83","24.34","22.44"
"2014/04/11","25.03","24.85","25.75","24.32"
"2014/04/14","24.83","26.16","26.49","24.74"
"2014/04/15","23.39","23.79","24.26","23.31"
"2014/04/16","23.93","23.32","24.01","23.22"
"2014/04/17","23.29","23.88","24.35","22.94"
"2014/04/18","22.50","22.92","22.94","22.42"
"2014/04/21","23.03","23.09","23.26","22.93"
"2014/04/22","23.29","22.89","23.43","22.68"
"2014/04/23","22.26","22.80","22.82","22.19"
"2014/04/24","22.36","22.35","23.00","22.14"
"2014/04/25","21.96","22.43","22.78","21.81"
"2014/04/28","22.89","23.09","23.60","22.89"
"2014/04/30","22.51","22.95","23.07","21.73"
"2014/05/01","20.97","21.30","22.26","20.86"
"2014/05/02","20.49","20.58","22.04","20.29"
"2014/05/07","22.47","23.04","23.32","22.01"
"2014/05/08","22.19","22.46","22.58","21.49"
"2014/05/09","21.47","21.90","21.90","20.96"
"2014/05/12","20.43","21.44","21.62","20.43"
"2014/05/13","20.24","19.80","20.49","19.80"
"2014/05/14","19.99","20.38","20.50","19.88"
"2014/05/15","19.87","20.35","20.83","19.87"
"2014/05/16","21.02","20.79","22.03","20.64"
"2014/05/19","21.92","21.56","22.11","21.30"
"2014/05/20","22.02","21.70","22.02","21.64"
"2014/05/21","20.66","22.36","22.39","20.65"
"2014/05/22","20.51","20.49","20.93","20.05"
"2014/05/23","20.97","20.65","21.48","20.65"
"2014/05/26","21.40","21.49","22.02","21.38"
"2014/05/27","21.06","21.25","21.63","21.06"
"2014/05/28","20.50","21.01","21.14","20.50"
"2014/05/29","20.08","20.46","20.47","19.68"
"2014/05/30","19.75","19.84","20.03","19.52"
"2014/06/02","20.99","20.13","21.24","20.05"
"2014/06/03","21.29","21.18","21.72","21.18"
"2014/06/04","20.85","20.91","21.00","20.42"
"2014/06/05","20.66","20.81","21.15","20.55"
"2014/06/06","20.16","20.43","20.45","20.04"
"2014/06/09","19.44","19.70","20.01","19.34"
"2014/06/10","19.86","19.36","20.00","19.21"
"2014/06/11","18.89","19.53","19.53","18.69"
"2014/06/12","19.41","19.28","19.60","18.90"
"2014/06/13","19.66","19.86","19.93","19.28"
"2014/06/16","19.50","19.85","20.29","19.50"
"2014/06/17","18.51","19.26","19.35","18.45"
"2014/06/18","18.65","18.53","18.73","18.26"
"2014/06/19","17.71","18.42","18.42","17.45"
"2014/06/20","17.44","17.40","17.60","17.06"
"2014/06/23","18.12","18.10","18.53","18.08"
"2014/06/24","18.10","18.11","18.23","17.86"
"2014/06/25","17.22","18.03","18.05","17.22"
"2014/06/26","16.31","16.79","16.79","16.31"
"2014/06/27","17.33","16.59","18.49","16.51"
"2014/06/30","17.34","17.39","17.93","17.26"
"2014/07/01","16.84","17.16","17.18","16.82"
"2014/07/02","16.65","16.60","16.95","16.60"
"2014/07/03","16.42","16.63","16.84","16.29"
"2014/07/04","15.60","16.03","16.15","15.60"
"2014/07/07","15.32","15.88","15.92","15.18"
"2014/07/08","15.05","15.58","16.13","14.91"
"2014/07/09","15.20","15.36","15.53","14.79"
"2014/07/10","15.29","15.04","15.54","14.91"
"2014/07/11","16.30","16.58","17.11","15.42"
"2014/07/14","15.34","16.27","16.27","15.26"
"2014/07/15","15.42","15.21","15.54","14.95"
"2014/07/16","15.06","15.38","15.46","15.06"
"2014/07/17","14.00","14.61","14.78","14.00"
"2014/07/18","15.38","15.32","16.51","15.05"
"2014/07/22","15.20","15.58","15.58","14.95"
"2014/07/23","15.34","15.05","15.42","15.05"
"2014/07/24","14.82","15.08","15.53","14.66"
"2014/07/25","14.78","14.54","15.13","14.53"
"2014/07/28","16.02","15.33","16.37","15.29"
"2014/07/29","16.28","15.79","16.49","15.79"
"2014/07/30","16.23","16.16","16.35","16.07"
"2014/07/31","16.02","16.33","16.55","16.02"
"2014/08/01","16.79","17.05","17.52","16.77"
"2014/08/04","16.12","21.79","21.80","15.84"
"2014/08/05","15.28","15.61","16.34","14.85"
"2014/08/06","16.71","16.31","17.36","15.68"
"2014/08/07","16.95","17.06","17.60","16.58"
"2014/08/08","23.25","18.20","27.34","18.07"
"2014/08/11","20.67","20.52","21.14","19.95"
"2014/08/12","18.63","19.69","19.69","18.37"
"2014/08/13","18.41","18.67","18.70","18.24"
"2014/08/14","18.06","18.14","18.22","17.64"
"2014/08/15","18.00","17.84","18.23","17.54"
"2014/08/18","18.05","18.67","18.67","18.01"
"2014/08/19","17.60","17.50","17.70","17.38"
"2014/08/20","17.70","17.36","17.70","17.26"
"2014/08/21","18.04","17.43","18.27","17.31"
"2014/08/22","17.69","17.86","17.88","17.33"
"2014/08/25","17.38","17.89","17.96","17.34"
"2014/08/26","17.13","16.97","17.47","16.81"
"2014/08/27","16.41","16.35","16.92","16.24"
"2014/08/28","15.56","16.18","16.30","15.51"
"2014/08/29","15.94","16.17","16.96","15.81"
"2014/09/01","16.31","16.33","16.38","16.10"
"2014/09/02","16.75","15.91","17.07","15.80"
"2014/09/03","18.12","16.97","18.28","16.97"
"2014/09/04","17.05","17.89","17.90","17.01"
"2014/09/05","17.66","16.68","17.92","16.68"
"2014/09/08","16.96","17.50","17.50","16.63"
"2014/09/09","17.16","16.74","17.31","16.48"
"2014/09/10","17.57","17.40","17.70","17.06"
"2014/09/11","18.75","17.66","19.47","17.66"
"2014/09/12","18.00","18.74","18.75","17.74"
"2014/09/16","17.35","18.43","18.43","17.35"
"2014/09/17","17.31","16.95","17.42","16.87"
"2014/09/18","17.10","17.24","17.27","16.62"
"2014/09/19","16.69","16.68","17.16","16.68"
"2014/09/22","17.03","17.34","17.45","17.01"
"2014/09/24","17.11","17.56","17.67","17.11"
"2014/09/25","16.60","16.88","17.23","16.60"
"2014/09/26","16.66","17.46","17.48","16.66"
"2014/09/29","16.80","17.08","17.08","16.61"
"2014/09/30","17.55","16.98","18.22","16.90"
"2014/10/01","17.53","17.34","18.05","17.16"
"2014/10/02","19.61","18.34","19.95","18.28"
"2014/10/03","19.38","20.06","20.83","19.38"
"2014/10/06","17.97","18.06","18.32","17.48"
"2014/10/07","18.15","18.56","18.72","17.79"
"2014/10/08","19.28","19.52","20.48","19.20"
"2014/10/09","20.00","19.04","20.70","18.38"
"2014/10/10","21.17","21.52","22.43","20.62"
"2014/10/14","24.76","25.03","25.12","23.12"
"2014/10/15","23.26","23.41","24.70","23.09"
"2014/10/16","27.16","27.80","27.83","26.24"
"2014/10/17","29.79","26.66","30.40","26.56"
"2014/10/20","25.72","27.04","27.05","25.38"
"2014/10/21","26.53","25.48","26.60","25.09"
"2014/10/22","24.24","24.70","24.76","23.67"
"2014/10/23","24.24","24.23","24.40","23.59"
"2014/10/24","24.47","23.01","25.53","23.01"
"2014/10/27","24.32","24.73","24.88","23.96"
"2014/10/28","22.99","24.16","24.32","22.96"
"2014/10/29","22.17","22.51","22.60","21.62"
"2014/10/30","20.99","21.68","21.84","20.87"
"2014/10/31","25.22","20.73","26.21","20.73"
"2014/11/04","30.49","27.76","30.79","27.41"
"2014/11/05","27.45","28.35","28.35","26.30"
"2014/11/06","27.74","26.73","28.44","25.56"
"2014/11/07","25.98","26.88","26.96","25.97"
"2014/11/10","25.03","25.70","26.14","24.76"
"2014/11/11","24.88","24.07","25.34","23.52"
"2014/11/12","27.59","25.62","27.59","25.36"
"2014/11/13","28.15","26.23","28.46","26.23"
"2014/11/14","27.64","27.83","28.53","27.48"
"2014/11/17","30.01","27.71","30.71","27.71"
"2014/11/18","29.05","28.51","29.68","28.45"
"2014/11/19","26.87","28.04","28.04","26.28"
"2014/11/20","24.79","25.87","25.87","24.52"
"2014/11/21","24.68","24.87","26.37","24.65"
"2014/11/25","24.06","25.07","25.16","24.06"
"2014/11/26","23.42","23.63","23.94","23.21"
"2014/11/27","23.62","23.47","24.29","23.24"
"2014/11/28","23.80","23.38","23.87","23.36"
"2014/12/01","24.59","24.36","25.26","24.36"
"2014/12/02","24.40","25.00","25.16","24.36"
"2014/12/03","25.82","24.48","25.88","24.48"
"2014/12/04","26.09","25.62","26.41","25.61"
"2014/12/05","25.54","25.95","26.12","25.32"
"2014/12/08","25.16","25.39","26.52","25.16"
"2014/12/09","26.25","25.73","26.62","25.36"
"2014/12/10","30.04","29.28","32.26","29.13"
"2014/12/11","28.62","30.43","31.73","28.37"
"2014/12/12","28.77","28.30","29.55","27.76"
"2014/12/15","26.59","28.03","28.29","25.77"
"2014/12/16","26.62","27.18","27.54","26.40"
"2014/12/17","26.11","26.48","26.88","25.31"
"2014/12/18","24.72","25.26","25.26","24.29"
"2014/12/19","24.24","24.11","24.72","23.83"
"2014/12/22","24.26","24.36","24.46","23.79"
"2014/12/24","24.30","24.05","24.30","23.82"
"2014/12/25","23.97","23.92","24.05","23.73"
"2014/12/26","23.87","23.75","24.12","23.58"
"2014/12/29","25.61","24.28","25.88","23.94"
"2014/12/30","26.36","25.01","26.95","25.01"
"2015/01/05","25.15","27.23","32.77","25.15"
"2015/01/06","26.58","31.52","31.52","25.72"
"2015/01/07","25.95","30.14","30.17","25.85"
"2015/01/08","24.99","27.85","27.88","24.80"
"2015/01/09","23.89","24.67","24.75","22.97"
"2015/01/13","24.48","26.07","26.88","24.42"
"2015/01/14","25.26","24.84","25.55","24.27"
"2015/01/15","23.64","25.05","25.05","23.31"
"2015/01/16","25.63","25.73","27.37","25.17"
"2015/01/19","25.22","25.49","25.80","25.15"
"2015/01/20","24.79","24.66","25.07","24.44"
"2015/01/21","24.76","24.76","25.68","24.52"
"2015/01/22","24.21","24.42","24.42","23.85"
"2015/01/23","22.19","23.54","23.54","22.11"
"2015/01/26","22.16","23.35","23.39","22.16"
"2015/01/27","21.03","21.29","21.34","20.98"
"2015/01/28","20.72","21.34","21.38","20.20"
"2015/01/29","21.65","21.18","21.74","20.80"
"2015/01/30","21.67","21.25","22.03","21.04"
"2015/02/02","23.04","22.97","23.21","22.52"
"2015/02/03","23.80","22.33","24.33","22.28"
"2015/02/04","22.34","22.54","22.56","21.95"
"2015/02/05","22.82","22.35","23.16","22.28"
"2015/02/06","22.42","23.93","24.18","22.19"
"2015/02/09","22.49","23.42","23.42","21.89"
"2015/02/10","22.64","22.42","23.02","22.28"
"2015/02/12","22.24","21.44","22.24","21.08"
"2015/02/13","20.65","21.30","21.44","20.65"
"2015/02/16","21.72","21.03","21.91","21.01"
"2015/02/17","21.31","21.80","22.07","21.18"
"2015/02/18","20.56","20.91","21.02","20.43"
"2015/02/19","21.04","20.55","21.16","20.53"
"2015/02/20","21.96","20.73","21.96","20.62"
"2015/02/23","21.84","22.37","22.54","21.84"
"2015/02/24","20.04","21.45","21.46","19.99"
"2015/02/25","18.97","19.41","19.46","18.65"
"2015/02/26","19.55","18.90","19.96","18.86"
"2015/02/27","20.55","19.87","20.77","19.87"
"2015/03/02","20.63","20.93","21.43","20.63"
"2015/03/03","20.33","20.44","20.57","20.10"
"2015/03/04","20.63","20.59","21.38","20.48"
"2015/03/05","20.02","20.29","20.58","19.91"
"2015/03/06","19.52","20.04","20.21","19.51"
"2015/03/09","19.68","19.82","21.23","19.31"
"2015/03/10","20.66","20.32","21.30","19.30"
"2015/03/11","20.85","21.26","21.38","20.02"
"2015/03/12","20.10","20.23","20.54","19.73"
"2015/03/13","20.36","19.61","20.49","19.50"
"2015/03/16","20.71","20.94","21.32","20.60"
"2015/03/17","20.34","20.46","20.56","20.06"
"2015/03/18","20.91","20.55","21.17","20.55"
"2015/03/19","20.50","20.65","20.77","19.48"
"2015/03/20","19.41","20.47","20.48","19.33"
"2015/03/23","19.53","19.46","19.72","19.22"
"2015/03/24","19.94","19.59","20.18","19.56"
"2015/03/25","19.35","19.75","20.17","19.20"
"2015/03/26","21.27","19.65","21.55","19.54"
"2015/03/27","22.75","20.61","23.89","20.23"
"2015/03/30","21.55","22.58","23.33","21.50"
"2015/03/31","22.71","20.76","22.71","20.50"
"2015/04/01","22.60","22.68","24.09","22.31"
"2015/04/02","21.04","22.50","22.71","20.98"
"2015/04/03","20.26","20.75","20.86","20.26"
"2015/04/06","20.49","21.24","22.40","20.35"
"2015/04/07","19.98","20.13","20.33","19.76"
"2015/04/08","19.53","19.80","20.70","19.50"
"2015/04/09","19.30","18.55","20.19","18.55"
"2015/04/10","20.03","19.23","20.20","19.13"
"2015/04/13","20.38","20.35","20.99","20.21"
"2015/04/14","20.38","20.38","20.75","20.27"
"2015/04/15","19.80","20.62","20.92","19.70"
"2015/04/16","19.23","19.71","19.91","19.19"
"2015/04/17","19.70","19.30","20.29","19.28"
"2015/04/20","21.01","21.31","21.63","20.43"
"2015/04/21","20.38","20.66","20.95","20.33"
"2015/04/22","21.50","20.55","21.83","20.55"
"2015/04/23","21.45","21.52","21.76","21.22"
"2015/04/24","21.02","21.20","21.35","20.78"
"2015/04/27","21.75","21.45","22.68","21.44"
"2015/04/28","20.71","21.49","31.63","20.59"
"2015/04/30","21.20","26.33","27.20","20.35"
"2015/05/01","19.97","27.52","27.61","19.61"
"2015/05/07","21.80","22.94","23.00","21.29"
"2015/05/08","20.60","21.00","21.55","20.20"
"2015/05/11","19.34","19.56","19.77","19.00"
"2015/05/12","19.13","19.28","19.53","19.09"
"2015/05/13","18.37","19.61","19.86","18.20"
"2015/05/14","18.34","18.77","18.95","18.20"
"2015/05/15","17.71","18.00","18.02","17.66"
"2015/05/18","18.44","18.58","18.95","18.17"
"2015/05/19","18.44","18.43","18.66","18.36"
"2015/05/20","18.55","18.26","18.67","18.11"
"2015/05/21","18.75","18.46","18.87","18.46"
"2015/05/22","17.42","18.57","18.87","17.41"
"2015/05/25","17.50","17.91","17.91","17.48"
"2015/05/26","17.37","17.25","17.58","17.22"
"2015/05/27","17.69","17.88","17.90","17.49"
"2015/05/28","18.02","17.62","18.28","17.62"
"2015/05/29","18.47","18.32","18.54","18.06"
"2015/06/01","18.56","19.05","19.37","18.56"
"2015/06/02","18.16","18.54","18.74","17.98"
"2015/06/03","18.55","18.52","18.87","18.48"
"2015/06/04","18.39","18.12","18.44","17.99"
"2015/06/05","18.52","18.62","19.24","18.40"
"2015/06/08","17.79","18.23","18.87","17.65"
"2015/06/09","19.42","18.72","19.56","17.93"
"2015/06/10","19.64","19.16","20.31","18.76"
"2015/06/11","17.37","19.05","19.05","17.37"
"2015/06/12","17.52","17.53","17.96","17.38"
"2015/06/15","18.13","18.01","18.49","17.97"
"2015/06/16","18.29","18.15","18.62","18.12"
"2015/06/17","18.69","18.38","19.07","18.34"
"2015/06/18","18.86","19.03","19.21","18.15"
"2015/06/19","17.71","18.36","18.41","17.23"
"2015/06/22","17.57","18.29","18.30","17.57"
"2015/06/23","16.84","17.11","17.38","16.37"
"2015/06/24","17.72","16.98","18.06","16.80"
"2015/06/25","17.96","17.74","18.02","17.24"
"2015/06/26","18.48","17.82","18.81","17.82"
"2015/06/29","23.75","22.15","24.57","22.15"
"2015/06/30","21.41","22.30","22.30","21.39"
"2015/07/01","20.41","21.46","21.46","20.38"
"2015/07/02","19.40","19.49","19.60","19.11"
"2015/07/03","20.92","19.60","20.92","19.59"
"2015/07/06","21.16","23.96","23.96","20.12"
"2015/07/07","18.74","19.09","19.88","18.57"
"2015/07/08","24.30","19.21","24.36","19.11"
"2015/07/09","23.35","29.54","30.85","23.05"
"2015/07/10","24.62","23.46","25.66","22.60"
"2015/07/13","22.12","23.97","23.97","22.10"
"2015/07/14","19.20","19.72","19.73","18.78"
"2015/07/15","17.96","19.27","19.31","17.96"
"2015/07/16","16.60","17.02","17.29","16.58"
"2015/07/17","16.69","16.26","16.77","16.18"
"2015/07/21","16.33","16.95","17.38","16.24"
"2015/07/22","17.45","17.01","17.49","16.75"
"2015/07/23","17.24","17.17","17.25","16.80"
"2015/07/24","18.49","17.48","18.55","17.45"
"2015/07/27","19.56","19.96","20.41","19.07"
"2015/07/28","19.85","21.11","21.88","19.47"
"2015/07/29","19.01","19.21","19.92","18.88"
"2015/07/30","18.09","18.27","18.38","17.99"
"2015/07/31","17.57","18.11","18.50","17.50"
"2015/08/03","17.74","18.16","18.38","17.46"
"2015/08/04","17.45","17.71","17.79","17.33"
"2015/08/05","17.34","17.27","17.55","16.95"
"2015/08/06","17.74","17.01","17.75","17.01"
"2015/08/07","17.78","17.80","18.60","17.51"
"2015/08/10","17.73","18.33","18.33","17.36"
"2015/08/11","17.91","17.47","19.64","17.10"
"2015/08/12","20.28","18.18","20.34","18.01"
"2015/08/13","18.91","19.82","21.37","18.73"
"2015/08/14","17.00","19.14","19.14","17.00"
"2015/08/17","16.82","17.03","17.17","16.81"
"2015/08/18","17.27","16.46","17.46","16.46"
"2015/08/19","19.06","17.56","19.23","17.51"
"2015/08/20","20.27","19.04","20.66","19.00"
"2015/08/21","24.15","22.84","24.29","22.08"
"2015/08/24","35.66","29.59","36.42","27.48"
"2015/08/25","47.01","39.27","47.01","32.62"
"2015/08/26","35.89","46.93","48.99","34.89"
"2015/08/27","36.08","33.60","36.65","31.77"
"2015/08/28","29.67","31.07","31.46","29.66"
"2015/08/31","33.21","33.16","34.43","31.86"
"2015/09/01","39.16","33.73","39.26","33.65"
"2015/09/02","37.08","40.09","40.66","34.85"
"2015/09/03","35.65","34.79","36.59","32.86"
"2015/09/04","39.19","33.60","41.10","33.60"
"2015/09/07","35.25","40.66","41.02","34.90"
"2015/09/08","35.94","34.15","36.22","33.96"
"2015/09/09","32.88","33.09","34.10","31.68"
"2015/09/10","36.01","33.86","36.66","33.86"
"2015/09/11","31.70","35.09","35.23","30.65"
"2015/09/14","33.36","31.65","33.59","31.16"
"2015/09/15","31.92","33.19","33.50","31.27"
"2015/09/16","30.63","30.46","31.56","30.38"
"2015/09/17","29.17","30.12","30.54","28.74"
"2015/09/18","28.84","28.87","29.23","26.86"
"2015/09/24","30.36","30.72","30.72","29.33"
"2015/09/25","28.82","29.38","29.79","28.79"
"2015/09/28","30.42","29.26","30.78","29.13"
"2015/09/29","33.81","31.93","34.98","31.93"
"2015/09/30","32.19","31.93","32.42","31.65"
"2015/10/01","32.89","31.74","33.39","31.74"
"2015/10/02","33.81","32.94","34.01","32.92"
"2015/10/05","32.27","32.18","36.21","32.18"
"2015/10/06","32.31","29.19","34.38","29.19"
"2015/10/07","28.90","32.66","34.80","28.71"
"2015/10/08","26.93","28.13","29.98","25.82"
"2015/10/09","25.63","26.11","26.11","24.37"
"2015/10/13","25.71","26.22","26.34","25.57"
"2015/10/14","27.47","26.35","27.89","26.32"
"2015/10/15","26.87","28.47","28.47","26.38"
"2015/10/16","26.79","26.71","27.00","26.08"
"2015/10/19","27.84","27.61","28.38","27.27"
"2015/10/20","26.09","26.96","27.02","26.01"
"2015/10/21","25.54","25.79","25.90","25.12"
"2015/10/22","26.20","25.62","26.66","25.62"
"2015/10/23","26.66","25.69","26.66","25.57"
"2015/10/26","27.68","26.88","27.73","26.76"
"2015/10/27","28.83","28.01","29.55","27.80"
"2015/10/28","27.64","28.52","29.11","27.64"
"2015/10/29","26.58","26.99","27.05","25.82"
"2015/10/30","23.44","26.87","27.34","22.91"
"2015/11/02","23.98","23.32","24.22","23.01"
"2015/11/04","23.61","23.76","23.90","22.45"
"2015/11/05","22.77","23.01","23.13","22.50"
"2015/11/06","22.26","22.28","22.71","22.19"
"2015/11/09","21.48","20.70","21.79","20.51"
"2015/11/10","21.17","22.30","22.30","21.07"
"2015/11/11","21.11","20.86","21.57","20.58"
"2015/11/12","20.40","20.88","21.44","20.27"
"2015/11/13","20.76","21.65","22.15","20.72"
"2015/11/16","23.83","23.10","24.30","22.72"
"2015/11/17","21.95","21.84","22.02","21.48"
"2015/11/18","22.78","21.61","22.96","21.56"
"2015/11/19","21.24","22.17","22.71","21.02"
"2015/11/20","20.46","21.20","21.49","20.46"
"2015/11/24","20.16","21.32","21.32","20.07"
"2015/11/25","20.73","20.83","21.24","20.56"
"2015/11/26","20.38","20.29","20.51","20.11"
"2015/11/27","20.83","20.22","21.38","20.22"
"2015/11/30","21.65","21.32","22.14","21.31"
"2015/12/01","20.31","21.13","21.31","20.28"
"2015/12/02","20.23","20.24","20.39","20.01"
"2015/12/03","20.13","20.23","20.50","19.88"
"2015/12/04","22.00","21.22","22.07","20.72"
"2015/12/07","19.75","21.32","21.35","19.45"
"2015/12/08","21.06","19.58","21.47","19.33"
"2015/12/09","21.91","21.82","22.26","21.51"
"2015/12/10","22.71","22.43","23.79","22.24"
"2015/12/11","21.05","21.81","21.81","20.79"
"2015/12/14","23.89","25.54","26.46","23.74"
"2015/12/15","26.58","23.92","26.58","23.35"
"2015/12/16","24.57","24.14","25.64","23.89"
"2015/12/17","21.38","22.40","22.40","20.95"
"2015/12/18","23.05","22.09","24.33","20.57"
"2015/12/21","22.71","23.72","24.57","22.28"
"2015/12/22","20.48","22.14","22.25","20.45"
"2015/12/24","20.68","19.58","20.95","19.43"
"2015/12/25","20.84","20.74","20.95","20.44"
"2015/12/28","20.26","21.17","21.17","20.06"
"2015/12/29","19.18","20.28","20.53","19.18"
"2015/12/30","19.47","18.96","19.55","18.87"
"2016/01/04","23.34","21.81","23.75","19.17"
"2016/01/05","23.33","24.36","24.36","22.25"
"2016/01/06","24.71","24.76","26.50","22.05"
"2016/01/07","27.88","26.55","27.92","24.44"
"2016/01/08","28.35","28.13","29.91","26.31"
"2016/01/12","31.97","30.35","31.97","28.98"
"2016/01/13","27.94","29.73","29.73","27.81"
"2016/01/14","31.76","30.92","34.55","30.92"
"2016/01/15","33.05","29.80","34.16","29.51"
"2016/01/18","37.03","36.87","38.19","36.28"
"2016/01/19","32.95","35.10","35.73","32.81"
"2016/01/20","38.22","33.21","38.29","33.07"
"2016/01/21","42.78","38.49","43.08","37.20"
"2016/01/22","41.14","38.61","42.44","38.61"
"2016/01/25","36.03","38.75","39.81","36.03"
"2016/01/26","38.05","37.79","38.73","37.45"
"2016/01/27","38.11","37.51","38.42","36.59"
"2016/01/28","38.07","37.83","38.85","37.20"
"2016/01/29","31.72","38.30","38.32","26.39"
"2016/02/01","28.93","31.49","31.49","28.84"
"2016/02/02","27.69","29.60","29.71","27.65"
"2016/02/03","32.97","30.36","34.65","30.36"
"2016/02/04","33.67","34.18","34.79","32.44"
"2016/02/05","36.87","37.80","39.02","35.70"
"2016/02/08","32.76","36.78","36.92","32.20"
"2016/02/09","42.47","37.43","43.19","37.43"
"2016/02/10","44.15","41.58","48.35","41.47"
"2016/02/12","49.84","46.68","50.24","44.34"
"2016/02/15","40.82","41.61","42.25","39.90"
"2016/02/16","38.85","40.55","40.55","36.36"
"2016/02/17","40.16","37.96","41.61","36.61"
"2016/02/18","36.26","36.12","37.24","35.41"
"2016/02/19","36.96","37.66","38.36","36.96"
"2016/02/22","34.66","38.14","38.14","34.26"
"2016/02/23","34.55","33.54","34.99","32.09"
"2016/02/24","36.19","36.16","37.98","35.86"
"2016/02/25","34.26","35.68","35.85","33.83"
"2016/02/26","34.09","33.76","34.86","32.97"
"2016/02/29","34.84","34.28","34.84","32.96"
"2016/03/01","33.78","34.01","35.33","33.73"
"2016/03/02","31.32","32.11","32.17","30.92"
"2016/03/03","29.67","31.37","31.39","29.67"
"2016/03/04","29.05","29.73","30.21","28.83"
"2016/03/07","27.76","29.14","29.83","27.76"
"2016/03/08","29.31","28.43","29.52","27.89"
"2016/03/09","31.20","30.01","31.58","30.01"
"2016/03/10","30.93","30.09","31.35","29.82"
"2016/03/11","28.95","31.72","31.72","28.49"
"2016/03/14","27.69","28.06","28.06","27.42"
"2016/03/15","25.44","27.23","27.32","24.76"
"2016/03/16","24.47","25.44","25.44","23.89"
"2016/03/17","23.77","24.13","24.42","22.20"
"2016/03/18","25.35","24.17","26.40","24.06"
"2016/03/22","22.64","24.39","24.39","22.43"
"2016/03/23","22.61","22.59","22.87","22.08"
"2016/03/24","23.60","23.05","23.61","22.89"
"2016/03/25","23.06","23.32","23.34","22.73"
"2016/03/28","23.78","23.29","24.33","23.29"
"2016/03/29","23.77","23.74","24.08","23.52"
"2016/03/30","23.48","23.59","23.83","22.89"
"2016/03/31","22.71","22.75","22.89","22.10"
"2016/04/01","26.96","22.63","27.66","22.63"
"2016/04/04","25.63","31.83","32.91","24.62"
"2016/04/05","28.07","24.43","29.01","24.43"
"2016/04/06","28.16","28.61","29.72","28.01"
"2016/04/07","28.31","27.34","28.69","27.18"
"2016/04/08","27.54","29.84","29.90","26.86"
"2016/04/11","27.45","28.10","29.45","27.44"
"2016/04/12","26.02","27.45","27.80","26.02"
"2016/04/13","25.25","24.91","25.62","24.81"
"2016/04/14","26.11","24.82","26.37","24.82"
"2016/04/15","26.66","26.78","26.89","25.88"
"2016/04/18","31.00","30.35","31.57","29.93"
"2016/04/19","28.61","28.56","28.84","28.10"
"2016/04/20","30.18","28.87","30.27","28.33"
"2016/04/21","30.15","29.57","31.29","29.57"
"2016/04/22","29.09","30.28","30.83","28.49"
"2016/04/25","29.99","29.89","30.73","29.89"
"2016/04/26","30.59","30.12","30.67","29.60"
"2016/04/27","29.23","29.86","30.47","28.66"
"2016/04/28","27.55","29.94","32.01","26.19"
"2016/05/02","31.07","31.31","32.62","30.93"
"2016/05/06","29.65","31.33","31.33","29.44"
"2016/05/09","27.33","29.48","29.50","26.32"
"2016/05/10","26.49","27.19","27.43","26.37"
"2016/05/11","27.33","26.12","27.49","26.12"
"2016/05/12","25.99","27.40","27.69","25.92"
"2016/05/13","27.30","24.76","27.30","24.76"
"2016/05/16","27.54","27.71","28.29","26.75"
"2016/05/17","26.69","27.17","27.62","26.35"
"2016/05/18","26.91","26.86","27.55","26.50"
"2016/05/19","26.73","26.77","27.31","26.50"
"2016/05/20","26.18","26.85","26.93","25.93"
"2016/05/23","26.48","27.03","27.83","26.48"
"2016/05/24","25.95","26.48","26.87","25.74"
"2016/05/25","26.17","25.44","26.18","25.43"
"2016/05/26","26.19","25.75","26.47","25.75"
"2016/05/27","25.75","26.00","26.35","25.54"
"2016/05/30","26.11","26.37","26.78","26.01"
"2016/05/31","25.81","26.27","26.47","25.81"
"2016/06/01","26.79","26.60","26.86","25.86"
"2016/06/02","27.51","27.30","28.29","27.27"
"2016/06/03","26.86","27.37","27.41","26.76"
"2016/06/06","27.51","29.16","29.60","27.42"
"2016/06/07","26.41","26.87","27.42","26.29"
"2016/06/08","26.23","26.73","27.12","26.22"
"2016/06/09","26.66","26.66","27.28","26.15"
"2016/06/10","25.96","26.54","27.17","25.83"
"2016/06/13","32.38","29.23","32.72","29.22"
"2016/06/14","32.78","32.19","33.32","31.78"
"2016/06/15","33.80","33.29","34.53","32.61"
"2016/06/16","35.56","34.02","35.99","32.85"
"2016/06/17","34.51","33.86","34.51","32.99"
"2016/06/20","32.77","33.26","33.47","32.23"
"2016/06/21","32.01","33.08","34.13","31.75"
"2016/06/22","34.50","33.19","35.05","33.19"
"2016/06/23","34.73","35.30","36.09","34.47"
"2016/06/24","40.71","31.93","43.62","31.01"
"2016/06/27","35.77","38.11","39.00","35.77"
"2016/06/28","33.36","36.91","37.06","32.64"
"2016/06/29","29.44","31.21","31.45","29.08"
"2016/06/30","29.67","28.68","29.77","28.42"
"2016/07/01","27.62","28.59","28.91","27.34"
"2016/07/04","26.96","29.61","30.81","26.96"
"2016/07/05","27.72","27.41","28.01","27.17"
"2016/07/06","30.57","30.04","32.12","29.43"
"2016/07/07","30.16","29.91","30.69","29.85"
"2016/07/08","30.69","33.10","33.11","28.48"
"2016/07/11","29.50","29.24","29.61","28.35"
"2016/07/12","29.62","29.26","29.92","28.83"
"2016/07/13","29.76","29.33","30.36","28.86"
"2016/07/14","28.31","29.41","29.41","28.16"
"2016/07/15","28.79","28.30","29.23","27.94"
"2016/07/19","29.15","29.10","29.49","25.23"
"2016/07/20","28.56","28.90","29.12","28.41"
"2016/07/21","30.05","29.03","30.05","29.00"
"2016/07/22","29.15","30.51","30.51","29.15"
"2016/07/25","29.14","29.46","29.84","28.85"
"2016/07/26","29.66","29.76","30.57","29.52"
"2016/07/27","29.72","29.38","30.39","29.34"
"2016/07/28","30.26","30.33","31.24","29.43"
"2016/07/29","26.60","30.98","31.72","26.15"
"2016/08/01","24.63","26.14","26.14","24.60"
"2016/08/02","23.82","24.48","24.50","23.28"
"2016/08/03","24.78","24.52","24.98","23.52"
"2016/08/04","23.58","24.18","24.40","23.05"
"2016/08/05","21.51","22.59","22.70","21.09"
"2016/08/08","19.89","21.46","22.48","19.76"
"2016/08/09","19.56","19.95","20.11","19.25"
"2016/08/10","19.51","19.86","19.89","19.09"
"2016/08/12","19.01","18.45","20.24","18.45"
"2016/08/15","19.85","20.40","20.40","19.42"
"2016/08/16","20.89","19.72","21.07","19.56"
"2016/08/17","20.44","21.20","21.20","20.31"
"2016/08/18","22.22","20.76","22.37","20.76"
"2016/08/19","22.02","21.92","22.69","21.50"
"2016/08/22","22.01","22.50","22.50","21.91"
"2016/08/23","22.33","22.03","22.61","21.57"
"2016/08/24","22.59","22.05","22.70","22.04"
"2016/08/25","22.99","22.45","22.99","22.34"
"2016/08/26","23.78","23.45","24.26","23.45"
"2016/08/29","23.53","23.49","23.64","23.15"
"2016/08/30","22.92","23.32","23.43","22.80"
"2016/08/31","22.70","22.64","22.81","22.39"
"2016/09/01","23.44","22.90","23.45","22.83"
"2016/09/02","24.01","23.61","24.33","23.61"
"2016/09/05","22.89","28.13","28.13","22.42"
"2016/09/06","22.77","22.95","23.06","22.34"
"2016/09/07","22.16","23.35","27.47","22.16"
"2016/09/08","21.79","26.04","26.10","21.56"
"2016/09/09","20.46","21.56","21.64","20.42"
"2016/09/12","24.07","22.80","24.51","22.39"
"2016/09/13","22.48","22.93","23.02","22.32"
"2016/09/14","23.02","23.37","23.86","22.40"
"2016/09/15","24.48","23.75","24.88","23.75"
"2016/09/16","23.84","23.70","24.27","23.67"
"2016/09/20","24.41","25.01","25.01","23.67"
"2016/09/21","21.27","24.87","24.93","20.82"
"2016/09/23","19.47","20.71","20.71","18.85"
"2016/09/13","22.48","22.93","23.02","22.32"
"2016/09/23","19.47","20.71","20.71","18.85"
"2016/09/26","20.68","20.02","20.84","19.80"
"2016/09/27","20.43","21.87","23.90","20.31"
"2016/09/28","20.63","20.84","21.46","20.60"
"2016/09/29","19.77","19.94","20.02","19.55"
"2016/09/30","22.14","21.57","22.38","21.39"
"2016/10/03","20.84","21.74","21.77","20.78"
"2016/10/04","20.02","20.50","20.55","19.74"
"2016/10/05","20.47","20.12","20.63","20.05"
"2016/10/06","20.58","20.34","21.04","20.33"
"2016/10/07","20.24","20.38","21.15","20.24"
"2016/10/11","20.15","21.11","21.11","20.07"
"2016/10/12","20.52","20.80","20.89","20.18"
"2016/10/13","21.25","20.75","21.80","20.00"
"2016/10/14","20.01","21.76","21.77","19.96"
"2016/10/17","19.90","20.52","20.67","19.72"
"2016/10/18","19.27","19.82","19.93","19.27"
"2016/10/19","19.17","19.27","19.61","19.10"
"2016/10/20","18.46","19.25","19.25","18.32"
"2016/10/21","18.48","18.03","18.70","17.97"
"2016/10/24","18.79","18.86","19.20","18.72"
"2016/10/25","18.20","18.50","18.80","18.20"
"2016/10/26","18.20","18.45","18.64","18.12"
"2016/10/27","18.51","18.38","19.13","18.22"
"2016/10/28","18.16","18.03","18.24","17.82"
"2016/10/31","19.12","19.49","20.08","19.05"
"2016/11/01","19.58","19.55","19.83","19.11"
"2016/11/02","22.59","21.03","23.15","20.73"
"2016/11/04","25.54","23.38","26.43","23.38"
"2016/11/07","23.67","23.72","24.24","22.57"
"2016/11/08","22.67","23.36","24.04","22.60"
"2016/11/09","27.65","22.02","30.58","21.17"
"2016/11/10","21.44","21.75","22.26","20.38"
"2016/11/11","21.55","21.23","22.59","20.72"
"2016/11/14","21.72","21.31","21.84","20.73"
"2016/11/15","20.98","21.60","21.74","20.77"
"2016/11/16","20.58","20.70","20.81","20.45"
"2016/11/17","19.63","20.82","20.82","19.49"
"2016/11/18","19.51","19.62","19.73","19.07"
"2016/11/21","19.41","20.17","20.33","19.35"
"2016/11/22","19.38","19.68","19.80","19.29"
"2016/11/24","19.46","19.39","19.57","19.11"
"2016/11/25","19.97","19.49","20.24","19.39"
"2016/11/28","20.14","20.61","20.82","20.06"
"2016/11/29","19.93","20.62","20.72","19.81"
"2016/11/30","19.36","19.71","19.92","19.30"
"2016/12/01","20.26","19.15","20.32","18.92"
"2016/12/02","20.86","20.64","21.09","20.54"
"2016/12/05","19.28","20.26","20.56","18.85"
"2016/12/06","18.36","18.46","19.15","17.90"
"2016/12/07","17.28","18.12","18.35","17.22"
"2016/12/08","18.20","17.28","18.20","17.26"
"2016/12/09","18.65","16.71","18.72","16.71"
"2016/12/12","19.15","19.15","19.67","18.68"
"2016/12/13","18.47","19.29","19.39","18.32"
"2016/12/14","18.55","18.35","18.77","18.16"
"2016/12/15","18.08","18.13","18.37","17.45"
"2016/12/16","18.47","18.14","18.59","17.94"
"2016/12/19","18.92","19.29","19.29","18.69"
"2016/12/20","17.75","18.62","18.65","17.46"
"2016/12/21","17.78","17.35","18.29","17.15"
"2016/12/22","17.59","18.12","18.46","17.44"
"2016/12/26","17.94","18.44","18.44","17.77"
"2016/12/27","18.28","17.84","18.28","17.78"
"2016/12/28","18.07","18.21","18.40","17.94"
"2016/12/29","20.31","18.66","20.31","18.66"
"2016/12/30","21.17","21.39","21.90","20.40"
"2017/01/04","20.83","21.17","21.17","20.34"
"2017/01/05","20.29","20.43","20.87","20.08"
"2017/01/06","19.96","20.92","20.92","19.78"
"2017/01/10","20.53","20.40","20.99","19.76"
"2017/01/11","20.10","20.23","20.58","20.07"
"2017/01/12","19.93","20.28","20.92","19.79"
"2017/01/13","18.01","19.80","19.93","17.82"
"2017/01/16","19.06","18.60","19.24","18.52"
"2017/01/17","20.78","19.05","20.78","19.05"
"2017/01/18","20.70","21.13","21.80","20.07"
"2017/01/19","20.23","19.95","20.49","19.86"
"2017/01/20","19.94","20.32","20.46","19.93"
"2017/01/23","20.61","20.82","21.04","20.17"
"2017/01/24","20.16","20.59","20.79","20.10"
"2017/01/25","18.81","19.55","19.55","18.76"
"2017/01/26","18.78","18.52","18.91","18.36"
"2017/01/27","18.34","18.87","18.89","18.09"
"2017/01/30","18.92","19.06","19.34","18.77"
"2017/01/31","20.75","19.76","20.75","19.74"
"2017/02/01","19.56","20.86","20.96","19.42"
"2017/02/02","20.54","19.50","20.72","19.19"
"2017/02/03","20.68","20.08","21.22","19.83"
"2017/02/06","19.99","20.08","20.74","19.89"
"2017/02/07","19.36","20.42","20.48","19.13"
"2017/02/08","18.13","18.65","18.68","18.11"
"2017/02/09","17.89","18.28","18.49","17.66"
"2017/02/10","18.53","17.71","18.65","17.69"
"2017/02/13","17.77","18.51","18.56","17.65"
"2017/02/14","17.66","17.34","17.90","17.13"
"2017/02/15","17.35","17.39","17.67","17.19"
"2017/02/16","17.40","17.26","17.92","17.06"
"2017/02/17","17.37","17.64","17.89","17.22"
"2017/02/20","17.57","17.84","17.97","17.48"
"2017/02/21","17.08","17.49","17.49","17.02"
"2017/02/22","16.98","16.94","17.12","16.78"
"2017/02/23","17.15","17.09","17.46","17.05"
"2017/02/24","17.27","17.66","17.70","17.23"
"2017/02/27","18.34","18.66","19.19","18.34"
"2017/02/28","18.67","18.26","18.69","18.09"
"2017/03/01","17.81","18.77","19.26","17.76"
"2017/03/02","17.55","17.45","17.70","17.43"
"2017/03/03","17.62","17.35","17.84","17.13"
"2017/03/06","15.12","15.48","15.75","14.88"
"2017/03/07","14.65","15.30","15.46","14.11"
"2017/03/08","14.89","14.76","15.19","14.65"
"2017/03/09","14.69","15.08","15.33","14.67"
"2017/03/10","14.74","14.81","15.39","14.56"
"2017/03/13","14.98","15.71","15.71","14.98"
"2017/03/14","15.46","15.04","15.58","15.03"
"2017/03/15","15.95","15.80","16.06","15.74"
"2017/03/16","14.58","15.74","15.74","14.58"
"2017/03/17","14.62","14.72","14.77","14.33"
"2017/03/21","15.59","15.91","16.29","15.52"
"2017/03/22","18.65","17.34","18.81","17.20"
"2017/03/23","18.30","17.92","18.49","17.57"
"2017/03/24","17.87","18.54","18.54","17.66"
"2017/03/27","19.75","19.00","20.43","18.92"
"2017/03/28","17.92","18.52","18.67","17.80"
"2017/03/29","16.89","17.33","17.41","16.86"
"2017/03/30","17.60","17.06","17.78","16.80"
"2017/03/31","18.55","17.08","18.77","16.81"
"2017/04/03","17.20","18.51","18.72","17.20"
"2017/04/04","18.25","17.55","18.66","17.07"
"2017/04/05","18.18","17.74","18.52","17.56"
"2017/04/06","19.87","18.89","20.59","18.80"
"2017/04/07","20.25","18.99","22.11","18.81"
"2017/04/10","20.10","20.13","20.55","19.55"
"2017/04/11","21.19","20.91","22.03","20.91"
"2017/04/12","22.39","22.02","23.25","22.02"
"2017/04/13","22.75","23.44","24.33","22.39"
"2017/04/14","23.03","22.77","23.62","21.57"
"2017/04/17","22.18","23.43","23.44","22.03"
"2017/04/18","20.90","20.66","21.68","19.99"
"2017/04/19","20.49","21.22","21.22","20.12"
"2017/04/20","20.91","20.14","21.19","19.96"
"2017/04/21","20.22","20.92","20.96","20.16"
"2017/04/24","16.79","20.18","20.18","16.78"
"2017/04/25","15.57","16.75","16.75","15.36"
"2017/04/26","15.04","15.72","15.81","15.03"
"2017/04/27","14.69","15.06","15.06","14.45"
"2017/04/28","14.81","14.95","15.26","14.77"
"2017/05/01","15.05","15.44","15.46","14.66"
"2017/05/02","15.27","15.15","15.51","15.00"
"2017/05/08","15.14","15.84","15.84","14.38"
"2017/05/09","14.81","14.84","15.06","14.59"
"2017/05/10","14.38","15.04","15.10","14.22"
"2017/05/11","14.35","14.59","14.67","14.03"
"2017/05/12","14.55","14.37","15.09","14.29"
"2017/05/15","14.50","15.27","15.27","14.50"
"2017/05/16","14.92","14.34","14.94","14.26"
"2017/05/17","16.16","15.10","16.16","15.10"
"2017/05/18","17.40","17.74","18.74","17.08"
"2017/05/19","17.14","17.16","18.14","16.94"
"2017/05/22","16.39","16.83","16.83","16.17"
"2017/05/23","16.07","16.33","16.44","15.78"
"2017/05/24","15.21","15.50","15.74","15.14"
"2017/05/25","14.80","15.29","15.29","14.64"
"2017/05/26","14.75","14.81","14.90","14.43"
"2017/05/29","14.74","15.24","15.41","14.69"
"2017/05/30","14.10","14.57","14.82","14.10"
"2017/05/31","13.90","14.35","14.61","13.70"
"2017/06/01","13.68","14.12","14.17","13.60"
"2017/06/02","15.05","13.74","15.43","13.74"
"2017/06/05","14.31","14.08","14.48","13.86"
"2017/06/06","14.51","14.13","14.54","13.76"
"2017/06/07","14.35","14.36","15.01","13.97"
"2017/06/08","14.02","14.46","14.82","13.78"
"2017/06/09","13.28","14.62","14.62","12.96"
"2017/06/12","13.90","14.23","14.58","13.74"
"2017/06/13","13.83","14.37","14.37","13.67"
"2017/06/14","14.01","13.36","14.08","13.33"
"2017/06/15","14.03","14.31","15.27","13.64"
"2017/06/16","13.36","14.43","14.50","13.30"
"2017/06/19","13.29","13.83","13.83","13.27"
"2017/06/20","13.52","13.23","13.82","13.23"
"2017/06/21","13.95","13.60","14.14","13.27"
"2017/06/22","14.05","14.20","14.23","13.81"
"2017/06/23","13.72","13.87","14.08","13.63"
"2017/06/26","13.73","14.19","14.19","13.64"
"2017/06/27","13.70","13.60","13.82","13.49"
"2017/06/28","14.06","14.00","14.19","13.54"
"2017/06/29","13.60","13.67","13.82","13.56"
"2017/06/30","15.75","15.24","16.03","15.00"
"2017/07/03","14.95","15.67","15.70","14.86"
"2017/07/04","16.02","14.05","16.24","14.05"
"2017/07/05","15.49","15.26","17.45","15.26"
"2017/07/06","16.27","15.31","16.88","15.16"
"2017/07/07","16.18","17.07","17.28","16.05"
"2017/07/10","14.42","15.44","15.65","14.29"
"2017/07/11","13.30","14.54","14.56","13.26"
"2017/07/12","13.84","13.79","14.10","13.40"
"2017/07/13","13.33","13.45","13.56","13.03"
"2017/07/14","12.75","13.29","13.38","12.51"
"2017/07/18","13.47","13.25","13.85","13.07"
"2017/07/19","12.61","13.42","13.62","12.54"
"2017/07/20","12.42","12.63","12.98","12.20"
"2017/07/21","12.24","12.52","12.52","12.19"
"2017/07/24","13.26","13.24","13.91","12.99"
"2017/07/25","12.62","13.08","13.08","12.34"
"2017/07/26","12.23","12.17","12.35","11.98"
"2017/07/27","12.48","12.33","12.51","11.82"
"2017/07/28","14.03","12.65","14.90","12.54"
"2017/07/31","13.88","14.36","14.87","13.69"
"2017/08/01","13.35","14.18","14.18","13.35"
"2017/08/02","12.19","12.92","13.01","12.18"
"2017/08/03","12.56","12.40","12.90","12.39"
"2017/08/04","12.73","12.66","13.01","12.28"
"2017/08/07","12.51","12.73","12.73","12.22"
"2017/08/08","12.88","12.47","13.04","12.28"
"2017/08/09","16.06","13.68","17.73","13.68"
"2017/08/10","16.26","15.38","16.41","14.50"
"2017/08/14","18.59","18.82","19.87","17.88"
"2017/08/15","15.88","16.92","16.92","15.14"
"2017/08/16","15.35","15.71","15.81","15.04"
"2017/08/17","14.98","15.32","15.56","14.85"
"2017/08/18","17.32","17.72","18.06","16.50"
"2017/08/21","17.40","17.04","17.81","16.88"
"2017/08/22","16.30","16.87","16.87","16.11"
"2017/08/23","15.47","14.96","15.81","14.66"
"2017/08/24","15.74","16.06","16.06","15.15"
"2017/08/25","15.20","15.19","15.41","14.76"
"2017/08/28","14.52","15.16","15.16","14.52"
"2017/08/29","15.41","15.90","16.32","15.41"
"2017/08/30","14.77","14.91","15.23","14.56"
"2017/08/31","15.14","14.78","15.22","14.45"
"2017/09/01","15.17","14.90","15.33","14.80"
"2017/09/04","16.55","15.67","16.55","15.47"
"2017/09/05","17.09","15.69","17.98","15.66"
"2017/09/06","17.53","18.13","18.57","17.18"
"2017/09/07","17.21","16.83","17.71","16.21"
"2017/09/08","19.22","18.02","19.30","17.33"
"2017/09/11","15.31","16.60","16.60","14.59"
"2017/09/12","13.67","14.28","14.32","13.48"
"2017/09/13","13.56","13.44","13.70","13.21"
"2017/09/14","13.88","13.54","14.18","13.27"
"2017/09/15","14.09","14.61","14.83","13.79"
"2017/09/19","14.15","14.13","14.42","13.82"
"2017/09/20","14.08","14.00","14.15","13.86"
"2017/09/21","13.55","13.93","13.98","13.55"
"2017/09/22","13.66","13.49","14.45","13.07"
"2017/09/25","14.02","14.05","14.20","13.79"
"2017/09/26","14.98","14.39","14.98","14.30"
"2017/09/27","14.12","14.62","14.68","14.01"
"2017/09/28","14.56","14.20","14.72","14.20"
"2017/09/29","15.50","14.70","15.50","14.52"
"2017/10/02","15.47","16.07","16.09","15.47"
"2017/10/03","15.00","15.12","15.37","14.60"
"2017/10/04","15.67","15.02","16.04","15.02"
"2017/10/05","15.01","15.39","15.39","14.72"
"2017/10/06","14.82","14.79","14.95","14.60"
"2017/10/10","15.05","15.80","15.80","14.99"
"2017/10/11","15.36","15.12","15.48","14.71"
"2017/10/12","15.34","15.26","15.80","15.26"
"2017/10/13","16.36","15.29","16.53","14.81"
"2017/10/16","16.75","16.63","17.22","16.51"
"2017/10/17","15.82","16.62","16.99","15.78"
"2017/10/18","15.04","15.68","15.68","14.77"
"2017/10/19","15.18","15.17","15.38","14.94"
"2017/10/20","16.05","15.54","16.09","15.34"
"2017/10/23","14.67","15.32","15.32","14.47"
"2017/10/24","14.90","14.78","15.07","14.55"
"2017/10/25","15.70","15.30","16.49","15.06"
"2017/10/26","15.28","15.89","16.15","15.10"
"2017/10/27","15.01","15.19","15.32","14.74"
"2017/10/30","15.27","15.92","16.15","15.27"
"2017/10/31","15.11","15.60","15.70","14.92"
"2017/11/01","16.34","15.15","16.65","15.15"
"2017/11/02","17.17","17.11","17.44","16.55"
"{oA{SA`ofAA]zB"
"2017/11/02","17.17","17.11","17.44","16.55"
