"2012/01/04","8560.11","8549.54","8581.45","8547.70"
"2012/01/05","8488.71","8515.66","8519.16","8481.83"
"2012/01/06","8390.35","8488.98","8488.98","8349.33"
"2012/01/10","8422.26","8422.99","8450.59","8405.18"
"2012/01/11","8447.88","8440.96","8463.72","8426.03"
"2012/01/12","8385.59","8423.10","8426.83","8360.33"
"2012/01/13","8500.02","8471.10","8509.76","8458.68"
"2012/01/16","8378.36","8409.79","8409.79","8352.23"
"2012/01/17","8466.40","8420.12","8475.66","8413.22"
"2012/01/18","8550.58","8458.29","8595.78","8446.09"
"2012/01/19","8639.68","8596.68","8668.94","8596.68"
"2012/01/20","8766.36","8751.18","8791.39","8725.32"
"2012/01/23","8765.90","8753.91","8795.27","8744.54"
"2012/01/24","8785.33","8815.36","8825.09","8768.51"
"2012/01/25","8883.69","8842.01","8911.62","8816.09"
"2012/01/26","8849.47","8890.49","8894.60","8834.93"
"2012/01/27","8841.22","8851.02","8886.02","8810.89"
"2012/01/30","8793.05","8803.79","8832.48","8774.23"
"2012/01/31","8802.51","8781.44","8836.68","8776.65"
"2012/02/01","8809.79","8789.06","8830.28","8780.10"
"2012/02/02","8876.82","8865.28","8893.22","8849.25"
"2012/02/03","8831.93","8849.17","8877.57","8825.98"
"2012/02/06","8929.20","8939.99","8949.32","8916.94"
"2012/02/07","8917.52","8904.16","8928.44","8887.19"
"2012/02/08","9015.59","8971.88","9015.59","8956.78"
"2012/02/09","9002.24","8996.13","9018.49","8942.87"
"2012/02/10","8947.17","9010.53","9016.97","8947.17"
"2012/02/13","8999.18","8954.03","9023.50","8948.54"
"2012/02/14","9052.07","8978.72","9072.08","8972.74"
"2012/02/15","9260.34","9108.84","9314.37","9107.68"
"2012/02/16","9238.10","9232.38","9308.93","9214.23"
"2012/02/17","9384.17","9371.12","9435.03","9369.25"
"2012/02/20","9485.09","9534.03","9549.31","9462.67"
"2012/02/21","9463.02","9458.68","9517.04","9440.41"
"2012/02/22","9554.00","9459.74","9564.05","9442.58"
"2012/02/23","9595.57","9549.77","9609.84","9513.65"
"2012/02/24","9647.38","9594.85","9647.38","9576.21"
"2012/02/27","9633.93","9726.20","9736.11","9628.25"
"2012/02/28","9722.52","9567.12","9722.52","9528.77"
"2012/02/29","9723.24","9771.62","9866.41","9706.22"
"2012/03/01","9707.37","9771.34","9865.75","9666.02"
"2012/03/02","9777.03","9797.05","9803.75","9729.24"
"2012/03/05","9698.59","9756.98","9792.14","9673.75"
"2012/03/06","9637.63","9704.61","9732.89","9602.84"
"2012/03/07","9576.06","9509.10","9603.19","9509.10"
"2012/03/08","9768.96","9674.94","9768.96","9659.15"
"2012/03/09","9929.74","9911.07","10007.62","9853.18"
"2012/03/12","9889.86","10015.92","10021.51","9889.86"
"2012/03/13","9899.08","9921.25","10011.88","9888.30"
"2012/03/14","10050.52","10064.12","10115.79","10050.52"
"2012/03/15","10123.28","10115.40","10158.74","10077.55"
"2012/03/16","10129.83","10110.57","10148.47","10090.09"
"2012/03/19","10141.99","10150.85","10172.64","10134.48"
"2012/03/21","10086.49","10100.87","10132.02","10073.90"
"2012/03/22","10127.08","10055.16","10136.85","10052.50"
"2012/03/23","10011.47","10014.87","10031.96","9999.37"
"2012/03/26","10018.24","10040.10","10056.20","10016.05"
"2012/03/27","10255.15","10152.90","10255.15","10152.25"
"2012/03/28","10182.57","10153.51","10197.80","10124.28"
"2012/03/29","10114.79","10134.78","10147.04","10084.77"
"2012/03/30","10083.56","10089.10","10111.09","10033.19"
"2012/04/02","10109.87","10161.72","10190.35","10109.87"
"2012/04/03","10050.39","10082.21","10084.07","10040.99"
"2012/04/04","9819.99","10045.88","10059.19","9819.99"
"2012/04/05","9767.61","9737.50","9806.40","9692.70"
"2012/04/06","9688.45","9710.25","9739.59","9659.16"
"2012/04/09","9546.26","9565.31","9618.10","9535.33"
"2012/04/10","9538.02","9583.36","9648.12","9509.72"
"2012/04/11","9458.74","9398.60","9487.84","9388.14"
"2012/04/12","9524.79","9486.19","9541.04","9449.49"
"2012/04/13","9637.99","9613.19","9690.29","9603.97"
"2012/04/16","9470.64","9522.70","9532.91","9464.49"
"2012/04/17","9464.71","9476.15","9519.80","9455.32"
"2012/04/18","9667.26","9594.30","9682.88","9594.30"
"2012/04/19","9588.38","9578.68","9617.93","9565.83"
"2012/04/20","9561.36","9574.99","9580.87","9532.68"
"2012/04/23","9542.17","9599.20","9643.27","9520.98"
"2012/04/24","9468.04","9466.08","9510.70","9423.30"
"2012/04/25","9561.01","9578.42","9582.73","9530.02"
"2012/04/26","9561.83","9613.16","9630.97","9531.03"
"2012/04/27","9520.89","9564.40","9691.70","9463.60"
"2012/05/01","9350.95","9471.66","9472.25","9332.79"
"2012/05/02","9380.25","9397.87","9417.96","9344.53"
"2012/05/07","9119.14","9198.17","9206.45","9109.01"
"2012/05/08","9181.65","9190.50","9207.56","9159.47"
"2012/05/09","9045.06","9112.72","9115.94","9021.20"
"2012/05/10","9009.65","9013.26","9075.63","8985.90"
"2012/05/11","8953.31","9019.40","9050.61","8944.63"
"2012/05/14","8973.84","8986.22","9031.09","8947.82"
"2012/05/15","8900.74","8910.85","8930.78","8838.78"
"2012/05/16","8801.17","8865.78","8883.73","8756.07"
"2012/05/17","8876.59","8789.47","8885.08","8765.71"
"2012/05/18","8611.31","8727.58","8735.54","8588.16"
"2012/05/21","8633.89","8617.92","8676.20","8608.62"
"2012/05/22","8729.29","8721.59","8740.48","8690.47"
"2012/05/23","8556.60","8715.14","8715.14","8538.69"
"2012/05/24","8563.38","8537.99","8597.85","8496.61"
"2012/05/25","8580.39","8616.85","8616.85","8550.93"
"2012/05/28","8593.15","8604.99","8624.51","8568.87"
"2012/05/29","8657.08","8565.56","8657.08","8517.18"
"2012/05/30","8633.19","8637.95","8656.71","8568.97"
"2012/05/31","8542.73","8499.68","8542.73","8455.13"
"2012/06/01","8440.25","8465.47","8487.44","8422.50"
"2012/06/04","8295.63","8278.65","8303.35","8238.96"
"2012/06/05","8382.00","8331.02","8388.14","8306.93"
"2012/06/06","8533.53","8428.36","8549.00","8412.55"
"2012/06/07","8639.72","8639.25","8647.79","8599.64"
"2012/06/08","8459.26","8609.78","8611.93","8427.20"
"2012/06/11","8624.90","8612.14","8665.80","8594.58"
"2012/06/12","8536.72","8478.78","8575.87","8452.50"
"2012/06/13","8587.84","8557.57","8615.89","8554.14"
"2012/06/14","8568.89","8531.40","8592.17","8520.99"
"2012/06/15","8569.32","8608.43","8625.19","8552.75"
"2012/06/18","8721.02","8723.55","8766.56","8711.49"
"2012/06/19","8655.87","8692.82","8712.86","8630.66"
"2012/06/20","8752.31","8739.10","8770.41","8711.22"
"2012/06/21","8824.07","8794.03","8859.04","8790.86"
"2012/06/22","8798.35","8733.50","8830.34","8731.79"
"2012/06/25","8734.62","8837.83","8837.83","8726.40"
"2012/06/26","8663.99","8671.61","8712.68","8619.36"
"2012/06/27","8730.49","8677.76","8730.49","8641.52"
"2012/06/28","8874.11","8816.07","8881.44","8805.65"
"2012/06/29","9006.78","8811.46","9044.04","8803.33"
"2012/07/02","9003.48","9103.79","9103.79","9003.48"
"2012/07/03","9066.59","9013.65","9082.39","9012.86"
"2012/07/04","9104.17","9119.69","9136.02","9095.31"
"2012/07/05","9079.80","9078.46","9130.54","9069.01"
"2012/07/06","9020.75","9052.70","9082.04","8977.35"
"2012/07/09","8896.88","8922.99","8954.44","8892.17"
"2012/07/10","8857.73","8922.03","8966.99","8855.93"
"2012/07/11","8851.00","8819.04","8851.00","8797.73"
"2012/07/12","8720.01","8859.39","8862.80","8709.75"
"2012/07/13","8724.12","8701.35","8759.06","8695.44"
"2012/07/17","8755.00","8740.98","8808.87","8711.73"
"2012/07/18","8726.74","8796.15","8802.09","8715.14"
"2012/07/19","8795.55","8795.00","8835.80","8771.19"
"2012/07/20","8669.87","8785.87","8792.19","8662.72"
"2012/07/23","8508.32","8582.28","8606.23","8500.27"
"2012/07/24","8488.09","8497.99","8517.52","8446.18"
"2012/07/25","8365.90","8410.98","8433.58","8328.02"
"2012/07/26","8443.10","8408.22","8448.55","8358.51"
"2012/07/27","8566.64","8547.34","8569.09","8522.74"
"2012/07/30","8635.44","8658.83","8663.30","8589.19"
"2012/07/31","8695.06","8600.92","8732.84","8585.26"
"2012/08/01","8641.85","8622.04","8654.61","8578.16"
"2012/08/02","8653.18","8642.89","8705.91","8635.51"
"2012/08/03","8555.11","8539.71","8565.06","8513.20"
"2012/08/06","8726.29","8683.20","8751.80","8676.25"
"2012/08/07","8803.31","8714.12","8812.42","8711.90"
"2012/08/08","8881.16","8889.38","8962.95","8851.59"
"2012/08/09","8978.60","8870.81","9004.81","8862.17"
"2012/08/10","8891.44","8931.92","8954.85","8857.23"
"2012/08/13","8885.15","8871.68","8906.21","8867.63"
"2012/08/14","8929.88","8913.70","8970.99","8897.87"
"2012/08/15","8925.04","8960.28","8960.28","8866.06"
"2012/08/16","9092.76","8967.11","9094.09","8962.97"
"2012/08/17","9162.50","9120.22","9181.57","9097.00"
"2012/08/20","9171.16","9202.36","9222.87","9150.79"
"2012/08/21","9156.92","9165.15","9196.67","9146.07"
"2012/08/22","9131.74","9150.69","9162.97","9075.08"
"2012/08/23","9178.12","9080.67","9194.47","9062.54"
"2012/08/24","9070.76","9069.95","9090.67","9045.79"
"2012/08/27","9085.39","9140.41","9150.48","9084.87"
"2012/08/28","9033.29","9138.51","9140.62","8988.99"
"2012/08/29","9069.81","9045.73","9073.99","9033.83"
"2012/08/30","8983.78","9062.07","9062.07","8960.24"
"2012/08/31","8839.91","8891.75","8933.99","8839.91"
"2012/09/03","8783.89","8836.61","8893.39","8773.40"
"2012/09/04","8775.51","8787.97","8804.44","8729.22"
"2012/09/05","8679.82","8756.59","8759.26","8679.82"
"2012/09/06","8680.57","8690.34","8697.00","8646.03"
"2012/09/07","8871.65","8821.37","8871.65","8804.27"
"2012/09/10","8869.37","8853.19","8874.54","8838.18"
"2012/09/11","8807.38","8811.33","8814.03","8769.47"
"2012/09/12","8959.96","8827.21","8959.96","8821.80"
"2012/09/13","8995.15","8950.01","9022.20","8932.10"
"2012/09/14","9159.39","9097.92","9193.27","9081.80"
"2012/09/18","9123.77","9155.49","9180.44","9120.61"
"2012/09/19","9232.21","9166.52","9288.53","9140.75"
"2012/09/20","9086.98","9174.19","9215.57","9079.19"
"2012/09/21","9110.00","9113.30","9159.33","9103.95"
"2012/09/24","9069.29","9071.32","9091.97","9031.13"
"2012/09/25","9091.54","9031.37","9112.54","9023.63"
"2012/09/26","8906.70","8941.75","8971.75","8894.02"
"2012/09/27","8949.87","8856.31","8959.25","8844.06"
"2012/09/28","8870.16","8986.63","8989.08","8838.85"
"2012/10/01","8796.51","8815.07","8829.35","8759.07"
"2012/10/02","8786.05","8826.36","8843.33","8774.75"
"2012/10/03","8746.87","8778.26","8806.75","8729.56"
"2012/10/04","8824.59","8783.13","8865.92","8738.31"
"2012/10/05","8863.30","8850.29","8880.23","8805.79"
"2012/10/09","8769.59","8822.39","8840.69","8765.55"
"2012/10/10","8596.23","8650.55","8660.68","8578.25"
"2012/10/11","8546.78","8514.63","8607.42","8514.63"
"2012/10/12","8534.12","8607.70","8620.18","8516.11"
"2012/10/15","8577.93","8517.77","8595.11","8488.14"
"2012/10/16","8701.31","8638.68","8707.95","8633.68"
"2012/10/17","8806.55","8777.39","8837.19","8758.70"
"2012/10/18","8982.86","8886.56","8992.36","8877.17"
"2012/10/19","9002.68","8944.03","9016.90","8940.38"
"2012/10/22","9010.71","8874.52","9031.55","8867.79"
"2012/10/23","9014.25","9066.03","9075.58","8970.50"
"2012/10/24","8954.30","8896.41","9043.80","8896.41"
"2012/10/25","9055.20","8952.13","9057.31","8941.85"
"2012/10/26","8933.06","9058.93","9075.59","8933.06"
"2012/10/29","8929.34","8958.79","8986.05","8909.37"
"2012/10/30","8841.98","8941.82","8995.81","8841.98"
"2012/10/31","8928.29","8911.08","8985.58","8905.44"
"2012/11/01","8946.87","8931.71","8976.08","8871.48"
"2012/11/02","9051.22","9049.22","9072.39","9031.43"
"2012/11/05","9007.44","9000.81","9040.18","8984.69"
"2012/11/06","8975.15","8989.58","8990.35","8957.49"
"2012/11/07","8972.89","9030.56","9032.32","8924.41"
"2012/11/08","8837.15","8868.42","8891.08","8811.41"
"2012/11/09","8757.60","8742.68","8779.24","8729.45"
"2012/11/12","8676.44","8701.28","8728.85","8676.44"
"2012/11/13","8661.05","8710.52","8723.46","8619.45"
"2012/11/14","8664.73","8660.27","8680.40","8653.49"
"2012/11/15","8829.72","8703.82","8829.72","8684.23"
"2012/11/16","9024.16","8898.33","9032.35","8898.33"
"2012/11/19","9153.20","9141.27","9183.46","9135.29"
"2012/11/20","9142.64","9198.42","9200.85","9129.43"
"2012/11/21","9222.52","9213.73","9248.98","9161.21"
"2012/11/22","9366.80","9336.32","9366.80","9304.72"
"2012/11/26","9388.94","9466.06","9487.94","9388.94"
"2012/11/27","9423.30","9371.13","9449.72","9370.59"
"2012/11/28","9308.35","9375.48","9407.62","9308.35"
"2012/11/29","9400.88","9370.29","9412.08","9350.40"
"2012/11/30","9446.01","9446.77","9492.91","9380.25"
"2012/12/03","9458.18","9484.20","9525.82","9453.48"
"2012/12/04","9432.46","9419.15","9457.19","9406.03"
"2012/12/05","9468.84","9380.37","9515.86","9376.97"
"2012/12/06","9545.16","9535.69","9565.43","9503.31"
"2012/12/07","9527.39","9547.14","9572.75","9522.13"
"2012/12/10","9533.75","9584.46","9584.46","9517.40"
"2012/12/11","9525.32","9510.60","9534.18","9487.95"
"2012/12/12","9581.46","9606.25","9606.25","9565.95"
"2012/12/13","9742.73","9681.20","9767.05","9672.47"
"2012/12/14","9737.56","9703.56","9775.75","9687.70"
"2012/12/17","9828.88","9895.68","9903.35","9826.30"
"2012/12/18","9923.01","9848.87","9967.24","9848.87"
"2012/12/19","10160.40","10025.40","10160.40","10016.98"
"2012/12/20","10039.33","10093.11","10147.68","10028.65"
"2012/12/21","9940.06","10145.58","10175.06","9924.42"
"2012/12/25","10080.12","10092.35","10119.35","10030.44"
"2012/12/26","10230.36","10131.22","10230.36","10107.34"
"2012/12/27","10322.98","10295.26","10376.39","10288.85"
"2012/12/28","10395.18","10406.36","10433.63","10374.85"
"2013/01/04","10688.11","10604.50","10734.23","10602.24"
"2013/01/07","10599.01","10743.69","10743.69","10589.70"
"2013/01/08","10508.06","10544.21","10602.12","10463.43"
"2013/01/09","10578.57","10405.67","10620.70","10398.61"
"2013/01/10","10652.64","10635.11","10686.12","10619.65"
"2013/01/11","10801.57","10786.14","10830.43","10748.06"
"2013/01/15","10879.08","10914.65","10952.31","10851.66"
"2013/01/16","10600.44","10806.41","10806.41","10591.30"
"2013/01/17","10609.64","10660.94","10694.85","10432.97"
"2013/01/18","10913.30","10791.97","10913.30","10787.12"
"2013/01/21","10747.74","10941.45","10941.45","10747.74"
"2013/01/22","10709.93","10765.10","10859.42","10615.20"
"2013/01/23","10486.99","10575.60","10663.09","10486.99"
"2013/01/24","10620.87","10441.11","10634.74","10441.11"
"2013/01/25","10926.65","10797.30","10926.65","10790.95"
"2013/01/28","10824.31","11002.86","11002.86","10824.31"
"2013/01/29","10866.72","10751.01","10937.63","10751.01"
"2013/01/30","11113.95","10913.97","11113.95","10905.64"
"2013/01/31","11138.66","11057.50","11145.38","11007.77"
"2013/02/01","11191.34","11193.72","11237.84","11142.26"
"2013/02/04","11260.35","11254.16","11285.49","11194.74"
"2013/02/05","11046.92","11105.24","11170.85","11046.92"
"2013/02/06","11463.75","11236.70","11498.42","11232.05"
"2013/02/07","11357.07","11406.32","11446.81","11295.62"
"2013/02/08","11153.16","11179.97","11299.71","11135.89"
"2013/02/12","11369.12","11346.72","11460.64","11343.44"
"2013/02/13","11251.41","11333.72","11365.27","11196.66"
"2013/02/14","11307.28","11273.40","11356.54","11243.49"
"2013/02/15","11173.83","11239.21","11261.58","11065.06"
"2013/02/18","11407.87","11318.22","11445.46","11308.83"
"2013/02/19","11372.34","11336.45","11412.86","11336.45"
"2013/02/20","11468.28","11485.65","11510.52","11440.10"
"2013/02/21","11309.13","11404.73","11442.11","11301.77"
"2013/02/22","11385.94","11238.75","11390.65","11175.67"
"2013/02/25","11662.52","11564.55","11662.52","11562.10"
"2013/02/26","11398.81","11449.66","11520.24","11374.83"
"2013/02/27","11253.97","11418.56","11419.62","11253.97"
"2013/02/28","11559.36","11396.73","11563.75","11392.56"
"2013/03/01","11606.38","11464.71","11648.63","11464.71"
"2013/03/04","11652.29","11695.45","11767.68","11613.59"
"2013/03/05","11683.45","11732.57","11779.42","11666.38"
"2013/03/06","11932.27","11811.06","11933.82","11803.09"
"2013/03/07","11968.08","12037.25","12069.60","11946.01"
"2013/03/08","12283.62","12066.50","12283.62","12065.09"
"2013/03/11","12349.05","12363.09","12403.95","12300.83"
"2013/03/12","12314.81","12433.60","12461.97","12314.81"
"2013/03/13","12239.66","12252.29","12339.45","12234.48"
"2013/03/14","12381.19","12332.16","12395.73","12248.65"
"2013/03/15","12560.95","12437.68","12560.95","12434.47"
"2013/03/18","12220.63","12365.44","12373.17","12220.63"
"2013/03/19","12468.23","12405.61","12491.16","12401.12"
"2013/03/21","12635.69","12592.00","12650.26","12586.06"
"2013/03/22","12338.53","12498.51","12522.05","12338.53"
"2013/03/25","12546.46","12507.61","12594.36","12480.42"
"2013/03/26","12471.62","12461.79","12540.12","12456.04"
"2013/03/27","12493.79","12476.58","12502.26","12442.39"
"2013/03/28","12335.96","12457.13","12462.86","12286.37"
"2013/03/29","12397.91","12405.53","12425.96","12319.75"
"2013/04/01","12135.02","12371.34","12384.83","12133.00"
"2013/04/02","12003.43","12051.57","12107.40","11805.78"
"2013/04/03","12362.20","12112.09","12362.20","12102.05"
"2013/04/04","12634.54","12188.22","12634.54","12075.97"
"2013/04/05","12833.64","12880.82","13225.62","12831.10"
"2013/04/08","13192.59","13082.61","13225.22","13080.29"
"2013/04/09","13192.35","13309.13","13331.39","13151.73"
"2013/04/10","13288.13","13177.31","13325.15","13177.31"
"2013/04/11","13549.16","13444.95","13549.16","13384.11"
"2013/04/12","13485.14","13568.25","13568.25","13402.86"
"2013/04/15","13275.66","13345.86","13408.29","13257.86"
"2013/04/16","13221.44","13023.91","13312.23","13004.46"
"2013/04/17","13382.89","13330.50","13397.50","13318.69"
"2013/04/18","13220.07","13272.22","13377.74","13200.85"
"2013/04/19","13316.48","13268.43","13338.75","13186.89"
"2013/04/22","13568.37","13537.17","13611.58","13529.44"
"2013/04/23","13529.65","13545.60","13585.35","13505.53"
"2013/04/24","13843.46","13687.28","13843.46","13686.78"
"2013/04/25","13926.08","13887.53","13974.26","13827.96"
"2013/04/26","13884.13","13978.98","13983.87","13852.20"
"2013/04/30","13860.86","13854.82","13897.06","13778.75"
"2013/05/01","13799.35","13837.72","13844.82","13782.00"
"2013/05/02","13694.04","13727.25","13780.48","13637.96"
"2013/05/07","14180.24","13960.04","14196.38","13951.81"
"2013/05/08","14285.69","14196.20","14421.38","14186.83"
"2013/05/09","14191.48","14366.95","14409.82","14191.48"
"2013/05/10","14607.54","14449.24","14636.81","14426.74"
"2013/05/13","14782.21","14759.50","14849.01","14727.70"
"2013/05/14","14758.42","14822.56","14839.79","14755.08"
"2013/05/15","15096.03","14962.34","15108.83","14956.38"
"2013/05/16","15037.24","15146.05","15155.72","14879.51"
"2013/05/17","15138.12","14926.42","15157.32","14902.30"
"2013/05/20","15360.81","15260.61","15381.74","15245.80"
"2013/05/21","15381.02","15264.79","15388.37","15264.42"
"2013/05/22","15627.26","15440.69","15706.63","15432.64"
"2013/05/23","14483.98","15739.98","15942.60","14483.98"
"2013/05/24","14612.45","14731.75","15007.50","13981.52"
"2013/05/27","14142.65","14373.82","14381.28","14027.42"
"2013/05/28","14311.98","13943.62","14399.78","13943.62"
"2013/05/29","14326.46","14492.55","14512.28","14243.49"
"2013/05/30","13589.03","14072.90","14098.16","13555.66"
"2013/05/31","13774.54","13804.23","13916.56","13681.39"
"2013/06/03","13261.82","13551.36","13562.87","13261.82"
"2013/06/04","13533.76","13186.60","13610.25","13060.94"
"2013/06/05","13014.87","13566.75","13711.42","13011.16"
"2013/06/06","12904.02","12925.29","13238.53","12862.02"
"2013/06/07","12877.53","12706.41","13106.20","12548.20"
"2013/06/10","13514.20","13141.85","13514.20","13141.37"
"2013/06/11","13317.62","13504.77","13584.31","13296.31"
"2013/06/12","13289.32","13087.66","13332.72","12994.08"
"2013/06/13","12445.38","13038.02","13050.11","12415.85"
"2013/06/14","12686.52","12668.90","12900.65","12629.31"
"2013/06/17","13033.12","12584.37","13033.12","12549.82"
"2013/06/18","13007.28","13015.15","13139.48","12919.03"
"2013/06/19","13245.22","13233.08","13296.62","13107.65"
"2013/06/20","13014.58","13101.85","13190.82","12966.41"
"2013/06/21","13230.13","12787.87","13330.35","12702.67"
"2013/06/24","13062.78","13417.54","13426.13","13026.23"
"2013/06/25","12969.34","13081.62","13234.89","12758.22"
"2013/06/26","12834.01","13152.75","13189.84","12826.51"
"2013/06/27","13213.55","12968.72","13213.55","12873.50"
"2013/06/28","13677.32","13383.92","13724.44","13354.70"
"2013/07/01","13852.50","13746.72","13862.71","13562.70"
"2013/07/02","14098.74","13969.15","14098.74","13898.54"
"2013/07/03","14055.56","14149.99","14164.77","13984.08"
"2013/07/04","14018.93","13970.27","14093.02","13962.30"
"2013/07/05","14309.97","14150.85","14309.97","14149.50"
"2013/07/08","14109.34","14491.07","14497.65","14109.34"
"2013/07/09","14472.90","14295.44","14472.90","14186.03"
"2013/07/10","14416.60","14464.82","14555.33","14287.69"
"2013/07/11","14472.58","14275.26","14496.67","14275.26"
"2013/07/12","14506.25","14475.17","14574.17","14417.30"
"2013/07/16","14599.12","14594.88","14638.80","14550.89"
"2013/07/17","14615.04","14491.80","14615.04","14460.56"
"2013/07/18","14808.50","14645.25","14827.73","14645.25"
"2013/07/19","14589.91","14909.76","14953.29","14413.28"
"2013/07/22","14658.04","14770.02","14770.02","14514.29"
"2013/07/23","14778.51","14555.36","14820.18","14549.06"
"2013/07/24","14731.28","14719.64","14751.87","14630.68"
"2013/07/25","14562.93","14747.21","14748.77","14533.21"
"2013/07/26","14129.98","14339.39","14376.01","14114.52"
"2013/07/29","13661.13","13899.27","13953.85","13661.13"
"2013/07/30","13869.82","13634.20","13909.45","13613.78"
"2013/07/31","13668.32","13733.55","13836.03","13644.21"
"2013/08/01","14005.77","13674.50","14005.77","13645.61"
"2013/08/02","14466.16","14178.66","14466.16","14146.92"
"2013/08/05","14258.04","14318.21","14370.98","14225.50"
"2013/08/06","14401.06","14237.10","14401.06","14031.61"
"2013/08/07","13824.94","14155.95","14164.70","13824.94"
"2013/08/08","13605.56","13779.47","14031.14","13556.65"
"2013/08/09","13615.19","13673.49","13754.96","13527.81"
"2013/08/12","13519.43","13469.70","13658.86","13430.64"
"2013/08/13","13867.00","13696.36","13867.00","13689.49"
"2013/08/14","14050.16","13936.74","14050.16","13747.18"
"2013/08/15","13752.94","13845.64","13981.16","13711.12"
"2013/08/16","13650.11","13532.61","13739.52","13532.61"
"2013/08/19","13758.13","13669.74","13758.13","13589.78"
"2013/08/20","13396.38","13632.96","13730.09","13383.18"
"2013/08/21","13424.33","13431.28","13499.99","13250.36"
"2013/08/22","13365.17","13314.05","13447.33","13238.73"
"2013/08/23","13660.55","13583.76","13774.66","13575.40"
"2013/08/26","13636.28","13719.56","13741.49","13586.84"
"2013/08/27","13542.37","13551.75","13678.79","13517.10"
"2013/08/28","13338.46","13285.03","13392.57","13188.14"
"2013/08/29","13459.71","13382.95","13463.14","13364.82"
"2013/08/30","13388.86","13573.24","13615.98","13335.91"
"2013/09/02","13572.92","13438.07","13613.48","13407.53"
"2013/09/03","13978.44","13748.68","13978.44","13748.68"
"2013/09/04","14053.87","13875.17","14056.88","13843.61"
"2013/09/05","14064.82","14140.20","14156.50","13981.52"
"2013/09/06","13860.81","14088.41","14099.13","13834.52"
"2013/09/09","14205.23","14141.67","14251.46","14117.68"
"2013/09/10","14423.36","14318.72","14441.81","14296.78"
"2013/09/11","14425.07","14511.74","14561.46","14422.72"
"2013/09/12","14387.27","14397.90","14455.37","14321.57"
"2013/09/13","14404.67","14316.70","14439.93","14233.12"
"2013/09/17","14311.67","14456.99","14474.53","14311.67"
"2013/09/18","14505.36","14411.55","14625.97","14396.41"
"2013/09/19","14766.18","14680.40","14766.18","14581.79"
"2013/09/20","14742.42","14801.64","14816.65","14702.25"
"2013/09/24","14732.61","14626.04","14767.72","14607.27"
"2013/09/25","14620.53","14713.03","14737.98","14620.53"
"2013/09/26","14799.12","14553.06","14799.12","14410.52"
"2013/09/27","14760.07","14803.99","14817.50","14699.21"
"2013/09/30","14455.80","14530.62","14619.24","14425.82"
"2013/10/01","14484.72","14517.98","14642.97","14471.70"
"2013/10/02","14170.49","14492.47","14569.20","14114.54"
"2013/10/03","14157.25","14140.11","14219.89","14082.31"
"2013/10/04","14024.31","14029.73","14149.77","13944.27"
"2013/10/07","13853.32","14057.79","14073.23","13841.93"
"2013/10/08","13894.61","13794.74","13929.64","13748.94"
"2013/10/09","14037.84","13789.89","14037.84","13751.85"
"2013/10/10","14194.71","14097.62","14200.31","14077.03"
"2013/10/11","14404.74","14376.89","14447.87","14320.30"
"2013/10/15","14441.54","14510.27","14510.37","14415.76"
"2013/10/16","14467.14","14433.64","14493.67","14417.61"
"2013/10/17","14586.51","14640.08","14664.22","14492.67"
"2013/10/18","14561.54","14589.60","14610.09","14503.09"
"2013/10/21","14693.57","14624.03","14727.85","14624.03"
"2013/10/22","14713.25","14677.08","14747.77","14641.78"
"2013/10/23","14426.05","14784.41","14799.28","14426.05"
"2013/10/24","14486.41","14344.74","14499.52","14273.71"
"2013/10/25","14088.19","14439.14","14442.12","14088.19"
"2013/10/28","14396.04","14261.65","14400.32","14194.42"
"2013/10/29","14325.98","14288.72","14395.96","14224.59"
"2013/10/30","14502.35","14464.67","14526.88","14425.58"
"2013/10/31","14327.94","14474.01","14516.08","14324.17"
"2013/11/01","14201.57","14403.07","14411.05","14126.41"
"2013/11/05","14225.37","14319.75","14323.24","14141.82"
"2013/11/06","14337.31","14155.34","14407.69","14130.86"
"2013/11/07","14228.44","14355.56","14371.56","14222.03"
"2013/11/08","14086.80","14026.17","14122.28","14026.17"
"2013/11/11","14269.84","14271.48","14304.29","14208.13"
"2013/11/12","14588.68","14289.87","14588.68","14278.21"
"2013/11/13","14567.16","14527.97","14599.53","14490.92"
"2013/11/14","14876.41","14665.75","14966.43","14665.75"
"2013/11/15","15165.92","15034.33","15203.11","14994.70"
"2013/11/18","15164.30","15253.24","15273.61","15106.82"
"2013/11/19","15126.56","15096.63","15163.06","15020.33"
"2013/11/20","15076.08","15176.35","15209.67","15069.98"
"2013/11/21","15365.60","15176.65","15377.00","15168.47"
"2013/11/22","15381.72","15513.45","15579.39","15307.44"
"2013/11/25","15619.13","15504.78","15619.13","15469.87"
"2013/11/26","15515.24","15501.95","15577.97","15460.97"
"2013/11/27","15449.63","15414.52","15512.76","15414.52"
"2013/11/28","15727.12","15622.19","15729.09","15605.73"
"2013/11/29","15661.87","15661.43","15727.96","15507.17"
"2013/12/02","15655.07","15659.74","15703.02","15579.54"
"2013/12/03","15749.66","15747.54","15794.15","15661.90"
"2013/12/04","15407.94","15520.20","15579.36","15326.06"
"2013/12/05","15177.49","15354.53","15430.20","15139.12"
"2013/12/06","15299.86","15112.54","15327.37","15112.54"
"2013/12/09","15650.21","15556.60","15650.21","15547.29"
"2013/12/10","15611.31","15633.97","15633.97","15562.06"
"2013/12/11","15515.06","15509.93","15562.30","15386.11"
"2013/12/12","15341.82","15377.32","15392.66","15255.36"
"2013/12/13","15403.11","15316.89","15532.94","15251.45"
"2013/12/16","15152.91","15408.35","15408.35","15146.13"
"2013/12/17","15278.63","15290.22","15322.13","15248.42"
"2013/12/18","15587.80","15273.24","15588.42","15268.18"
"2013/12/19","15859.22","15809.43","15891.82","15798.85"
"2013/12/20","15870.42","15790.69","15870.42","15755.36"
"2013/12/24","15889.33","15955.90","16029.65","15849.00"
"2013/12/25","16009.99","15861.13","16010.54","15853.51"
"2013/12/26","16174.44","16087.07","16186.04","16082.28"
"2013/12/27","16178.94","16229.43","16232.69","16056.73"
"2013/12/30","16291.31","16269.22","16320.22","16182.71"
"2014/01/06","15908.88","16147.54","16164.01","15864.44"
"2014/01/07","15814.37","15835.41","15935.37","15784.25"
"2014/01/08","16121.45","15943.68","16121.45","15906.57"
"2014/01/09","15880.33","16002.88","16004.56","15838.44"
"2014/01/10","15912.06","15785.15","15922.14","15754.70"
"2014/01/14","15422.40","15657.20","15661.71","15383.69"
"2014/01/15","15808.73","15649.07","15808.73","15636.57"
"2014/01/16","15747.20","15845.15","15941.08","15710.14"
"2014/01/17","15734.46","15695.46","15783.37","15621.80"
"2014/01/20","15641.68","15724.14","15727.26","15574.23"
"2014/01/21","15795.96","15710.89","15894.68","15705.84"
"2014/01/22","15820.96","15749.01","15870.53","15631.41"
"2014/01/23","15695.89","15900.63","15958.58","15690.45"
"2014/01/24","15391.56","15473.57","15485.02","15288.32"
"2014/01/27","15005.73","15091.45","15109.68","14933.55"
"2014/01/28","14980.16","15038.64","15088.12","14952.83"
"2014/01/29","15383.91","15164.34","15383.91","15159.92"
"2014/01/30","15007.06","15112.70","15112.70","14853.83"
"2014/01/31","14914.53","15132.23","15143.88","14764.57"
"2014/02/03","14619.13","14788.56","14846.93","14615.05"
"2014/02/04","14008.47","14353.33","14355.92","14008.47"
"2014/02/05","14180.38","14213.10","14245.06","13995.86"
"2014/02/06","14155.12","14233.42","14308.07","14155.12"
"2014/02/07","14462.41","14387.11","14471.95","14356.59"
"2014/02/10","14718.34","14647.83","14725.92","14568.30"
"2014/02/12","14800.06","14821.73","14874.79","14769.04"
"2014/02/13","14534.74","14785.84","14787.62","14488.32"
"2014/02/14","14313.03","14538.20","14678.71","14243.17"
"2014/02/17","14393.11","14343.73","14427.95","14214.60"
"2014/02/18","14843.24","14514.47","14900.24","14469.49"
"2014/02/19","14766.53","14729.48","14805.66","14679.19"
"2014/02/20","14449.18","14701.14","14731.48","14428.73"
"2014/02/21","14865.67","14618.61","14888.81","14618.61"
"2014/02/24","14837.68","14803.64","14982.53","14658.14"
"2014/02/25","15051.60","15002.51","15094.54","14957.49"
"2014/02/26","14970.97","14896.49","15084.53","14896.49"
"2014/02/27","14923.11","14939.87","15015.01","14844.37"
"2014/02/28","14841.07","14929.55","14943.65","14735.52"
"2014/03/03","14652.23","14666.93","14684.70","14443.10"
"2014/03/04","14721.48","14553.95","14750.09","14546.34"
"2014/03/05","14897.63","14905.95","14992.19","14897.63"
"2014/03/06","15134.75","14933.76","15203.12","14871.56"
"2014/03/07","15274.07","15280.76","15312.60","15145.59"
"2014/03/10","15120.14","15197.53","15266.12","15088.11"
"2014/03/11","15224.11","15179.47","15256.03","15124.36"
"2014/03/12","14830.39","15003.80","15020.14","14828.18"
"2014/03/13","14815.98","14847.72","14919.84","14790.48"
"2014/03/14","14327.66","14526.28","14539.60","14280.75"
"2014/03/17","14277.67","14254.32","14359.16","14203.21"
"2014/03/18","14411.27","14491.41","14533.25","14399.72"
"2014/03/19","14462.52","14495.73","14663.54","14302.37"
"2014/03/20","14224.23","14548.76","14548.76","14207.83"
"2014/03/24","14475.30","14297.58","14514.28","14287.28"
"2014/03/25","14423.19","14401.69","14531.79","14312.08"
"2014/03/26","14477.16","14521.00","14569.90","14401.42"
"2014/03/27","14622.89","14305.67","14659.85","14227.81"
"2014/03/28","14696.03","14576.25","14713.45","14520.57"
"2014/03/31","14827.83","14839.54","14843.67","14718.01"
"2014/04/01","14791.99","14870.51","14870.51","14751.29"
"2014/04/02","14946.32","14897.88","15069.61","14893.17"
"2014/04/03","15071.88","15009.18","15164.39","14976.36"
"2014/04/04","15063.77","15005.54","15098.38","15000.69"
"2014/04/07","14808.85","14880.82","14895.58","14764.37"
"2014/04/08","14606.88","14715.80","14740.10","14605.31"
"2014/04/09","14299.69","14436.05","14502.02","14279.34"
"2014/04/10","14300.12","14484.54","14513.14","14234.45"
"2014/04/11","13960.05","14027.80","14065.97","13885.11"
"2014/04/14","13910.16","13887.23","14008.29","13885.22"
"2014/04/15","13996.81","14068.75","14096.86","13969.17"
"2014/04/16","14417.68","14126.87","14420.30","14125.59"
"2014/04/17","14417.53","14395.95","14500.66","14351.85"
"2014/04/18","14516.27","14489.37","14536.67","14442.74"
"2014/04/21","14512.38","14549.45","14649.50","14503.17"
"2014/04/22","14388.77","14586.29","14604.30","14388.77"
"2014/04/23","14546.27","14480.41","14546.27","14459.29"
"2014/04/24","14404.99","14563.25","14563.25","14367.13"
"2014/04/25","14429.26","14369.72","14554.32","14327.60"
"2014/04/28","14288.23","14289.82","14324.03","14224.47"
"2014/04/30","14304.11","14393.51","14421.22","14275.69"
"2014/05/01","14485.13","14341.09","14493.03","14341.09"
"2014/05/02","14457.51","14454.44","14473.75","14405.77"
"2014/05/07","14033.45","14296.25","14299.13","14033.45"
"2014/05/08","14163.78","14136.41","14254.44","14108.16"
"2014/05/09","14199.59","14101.98","14266.29","14091.20"
"2014/05/12","14149.52","14173.49","14234.49","14130.30"
"2014/05/13","14425.44","14367.94","14464.01","14359.74"
"2014/05/14","14405.76","14385.60","14419.65","14349.87"
"2014/05/15","14298.21","14280.51","14306.36","14190.27"
"2014/05/16","14096.59","14087.76","14108.44","14016.49"
"2014/05/19","14006.44","14130.09","14150.50","13991.80"
"2014/05/20","14075.25","14088.45","14144.04","14038.06"
"2014/05/21","14042.17","13969.71","14054.24","13964.43"
"2014/05/22","14337.79","14188.28","14369.02","14147.55"
"2014/05/23","14462.17","14411.10","14528.04","14404.80"
"2014/05/26","14602.52","14592.60","14602.52","14531.32"
"2014/05/27","14636.52","14589.79","14744.16","14588.68"
"2014/05/28","14670.95","14646.93","14717.29","14608.54"
"2014/05/29","14681.72","14585.64","14714.95","14574.02"
"2014/05/30","14632.38","14707.66","14741.10","14591.62"
"2014/06/02","14935.92","14777.51","14963.91","14777.51"
"2014/06/03","15034.25","15089.04","15091.49","15026.01"
"2014/06/04","15067.96","15067.41","15071.78","14985.21"
"2014/06/05","15079.37","15112.59","15141.14","15016.81"
"2014/06/06","15077.24","15138.75","15144.34","15042.59"
"2014/06/09","15124.00","15204.31","15206.57","15116.03"
"2014/06/10","14994.80","15130.74","15184.77","14966.80"
"2014/06/11","15069.48","15000.13","15075.72","14998.63"
"2014/06/12","14973.53","14942.15","14992.96","14862.08"
"2014/06/13","15097.84","14830.99","15121.64","14830.99"
"2014/06/16","14933.29","15049.61","15056.75","14867.15"
"2014/06/17","14975.97","14962.99","15026.96","14948.54"
"2014/06/18","15115.80","15009.89","15139.99","14995.45"
"2014/06/19","15361.16","15140.35","15375.38","15138.28"
"2014/06/20","15349.42","15359.60","15422.06","15305.43"
"2014/06/23","15369.28","15419.47","15442.67","15335.88"
"2014/06/24","15376.24","15300.50","15424.57","15252.27"
"2014/06/25","15266.61","15297.24","15347.88","15265.71"
"2014/06/26","15308.49","15320.13","15345.12","15278.22"
"2014/06/27","15095.00","15290.75","15293.82","15027.31"
"2014/06/30","15162.10","15159.45","15177.87","15052.34"
"2014/07/01","15326.20","15179.64","15389.08","15145.87"
"2014/07/02","15369.97","15406.23","15444.63","15354.91"
"2014/07/03","15348.29","15435.34","15435.34","15324.32"
"2014/07/04","15437.13","15490.37","15490.37","15420.07"
"2014/07/07","15379.44","15433.49","15477.77","15379.44"
"2014/07/08","15314.41","15304.27","15389.89","15225.11"
"2014/07/09","15302.65","15194.32","15302.65","15185.32"
"2014/07/10","15216.47","15318.30","15326.78","15215.43"
"2014/07/11","15164.04","15102.59","15204.01","15101.49"
"2014/07/14","15296.82","15199.18","15324.95","15179.49"
"2014/07/15","15395.16","15354.43","15441.54","15346.09"
"2014/07/16","15379.30","15369.66","15423.96","15355.00"
"2014/07/17","15370.26","15422.87","15465.74","15347.85"
"2014/07/18","15215.71","15174.08","15220.50","15110.45"
"2014/07/22","15343.28","15296.42","15392.02","15287.93"
"2014/07/23","15328.56","15367.16","15376.20","15317.37"
"2014/07/24","15284.42","15350.28","15383.11","15232.14"
"2014/07/25","15457.87","15342.46","15457.87","15341.69"
"2014/07/28","15529.40","15426.98","15556.62","15426.98"
"2014/07/29","15618.07","15564.79","15632.70","15556.02"
"2014/07/30","15646.23","15616.89","15666.62","15594.89"
"2014/07/31","15620.77","15732.78","15759.66","15618.85"
"2014/08/01","15523.11","15511.54","15602.13","15501.15"
"2014/08/04","15474.50","15474.65","15535.62","15440.21"
"2014/08/05","15320.31","15506.87","15507.32","15313.84"
"2014/08/06","15159.79","15260.00","15271.14","15121.43"
"2014/08/07","15232.37","15138.72","15243.06","15061.99"
"2014/08/08","14778.37","15063.73","15074.32","14753.84"
"2014/08/11","15130.52","15022.64","15161.54","14973.71"
"2014/08/12","15161.31","15164.73","15235.98","15125.93"
"2014/08/13","15213.63","15111.76","15235.90","15108.53"
"2014/08/14","15314.57","15284.38","15338.85","15272.90"
"2014/08/15","15318.34","15317.15","15328.34","15276.99"
"2014/08/18","15322.60","15318.50","15365.35","15303.39"
"2014/08/19","15449.79","15451.94","15476.05","15429.11"
"2014/08/20","15454.45","15485.93","15492.88","15433.72"
"2014/08/21","15586.20","15530.98","15601.99","15525.78"
"2014/08/22","15539.19","15618.05","15628.78","15524.43"
"2014/08/25","15613.25","15609.43","15628.61","15553.51"
"2014/08/26","15521.22","15609.64","15613.34","15519.42"
"2014/08/27","15534.82","15556.56","15588.22","15465.99"
"2014/08/28","15459.86","15482.27","15487.99","15423.90"
"2014/08/29","15424.59","15423.88","15447.81","15356.00"
"2014/09/01","15476.60","15454.59","15478.77","15440.99"
"2014/09/02","15668.60","15526.94","15737.36","15516.50"
"2014/09/03","15728.35","15797.79","15829.38","15723.54"
"2014/09/04","15676.18","15701.61","15732.76","15663.59"
"2014/09/05","15668.68","15792.64","15792.64","15641.37"
"2014/09/08","15705.11","15718.13","15730.33","15656.40"
"2014/09/09","15749.15","15795.82","15795.82","15736.13"
"2014/09/10","15788.78","15688.55","15795.60","15664.79"
"2014/09/11","15909.20","15880.91","15925.51","15854.30"
"2014/09/12","15948.29","15885.04","15984.90","15885.04"
"2014/09/16","15911.53","15896.06","15938.31","15871.12"
"2014/09/17","15888.67","15948.15","15969.41","15888.67"
"2014/09/18","16067.57","16036.47","16106.11","16003.46"
"2014/09/19","16321.17","16177.94","16364.08","16170.86"
"2014/09/22","16205.90","16281.36","16299.13","16170.11"
"2014/09/24","16167.45","16105.56","16203.94","16094.59"
"2014/09/25","16374.14","16327.19","16374.14","16303.91"
"2014/09/26","16229.86","16087.95","16251.67","16087.95"
"2014/09/29","16310.64","16339.03","16344.32","16262.00"
"2014/09/30","16173.52","16252.72","16252.72","16058.72"
"2014/10/01","16082.25","16173.39","16225.96","16081.01"
"2014/10/02","15661.99","15895.20","15922.51","15646.40"
"2014/10/03","15708.65","15616.48","15708.65","15559.07"
"2014/10/06","15890.95","15882.28","15970.65","15808.22"
"2014/10/07","15783.83","15841.17","15913.52","15755.57"
"2014/10/08","15595.98","15574.60","15643.63","15520.81"
"2014/10/09","15478.93","15681.53","15732.32","15461.09"
"2014/10/10","15300.55","15292.88","15345.78","15221.83"
"2014/10/14","14936.51","15036.87","15089.90","14919.71"
"2014/10/15","15073.52","15009.75","15084.61","14916.65"
"2014/10/16","14738.38","14805.16","14807.08","14672.55"
"2014/10/17","14532.51","14796.32","14830.67","14529.03"
"2014/10/20","15111.23","14822.84","15111.23","14819.69"
"2014/10/21","14804.28","15115.29","15115.29","14761.84"
"2014/10/22","15195.77","15038.19","15195.78","15001.43"
"2014/10/23","15138.96","15093.78","15232.51","15059.64"
"2014/10/24","15291.64","15354.35","15377.05","15232.00"
"2014/10/27","15388.72","15404.28","15424.05","15333.71"
"2014/10/28","15329.91","15363.28","15374.46","15263.36"
"2014/10/29","15553.91","15442.39","15595.29","15394.79"
"2014/10/30","15658.20","15596.50","15701.04","15584.83"
"2014/10/31","16413.76","15817.14","16533.91","15817.14"
"2014/11/04","16862.47","16732.85","17127.66","16720.99"
"2014/11/05","16937.32","16785.44","16995.02","16778.28"
"2014/11/06","16792.48","16993.46","17045.94","16725.45"
"2014/11/07","16880.38","16934.04","16938.20","16824.08"
"2014/11/10","16780.53","16758.27","16818.05","16713.37"
"2014/11/11","17124.11","16869.49","17160.12","16855.30"
"2014/11/12","17197.05","17253.12","17443.74","17170.00"
"2014/11/13","17392.79","17192.00","17400.77","17099.95"
"2014/11/14","17490.83","17520.54","17520.54","17300.19"
"2014/11/17","16973.80","17381.38","17409.32","16907.43"
"2014/11/18","17344.06","17188.84","17356.76","17186.50"
"2014/11/19","17288.75","17384.31","17472.57","17280.76"
"2014/11/20","17300.86","17407.69","17407.69","17270.70"
"2014/11/21","17357.51","17285.72","17381.59","17108.20"
"2014/11/25","17407.62","17490.39","17490.39","17372.71"
"2014/11/26","17383.58","17347.97","17432.57","17335.99"
"2014/11/27","17248.50","17310.49","17346.85","17212.48"
"2014/11/28","17459.85","17340.16","17471.90","17330.84"
"2014/12/01","17590.10","17475.10","17649.02","17474.27"
"2014/12/02","17663.22","17481.06","17687.70","17476.42"
"2014/12/03","17720.43","17772.15","17881.76","17696.36"
"2014/12/04","17887.21","17881.91","17912.59","17813.01"
"2014/12/05","17920.45","17821.85","17922.29","17759.36"
"2014/12/08","17935.64","18004.66","18030.83","17869.74"
"2014/12/09","17813.38","17820.24","17892.16","17773.30"
"2014/12/10","17412.58","17623.35","17658.14","17308.82"
"2014/12/11","17257.40","17180.49","17289.73","17043.63"
"2014/12/12","17371.58","17317.69","17526.19","17298.19"
"2014/12/15","17099.40","17111.49","17258.32","17037.21"
"2014/12/16","16755.32","16862.42","16895.39","16714.83"
"2014/12/17","16819.73","16689.34","16891.02","16672.94"
"2014/12/18","17210.05","17142.95","17274.23","17136.41"
"2014/12/19","17621.40","17511.01","17621.40","17471.60"
"2014/12/22","17635.14","17685.53","17692.58","17572.62"
"2014/12/24","17854.23","17842.04","17875.41","17800.42"
"2014/12/25","17808.75","17804.84","17832.47","17773.59"
"2014/12/26","17818.96","17778.91","17843.73","17769.01"
"2014/12/29","17729.84","17914.55","17914.55","17525.66"
"2014/12/30","17450.77","17702.12","17713.76","17450.77"
"2015/01/05","17408.71","17325.68","17540.92","17219.22"
"2015/01/06","16883.19","17101.58","17111.36","16881.73"
"2015/01/07","16885.33","16808.26","16974.61","16808.26"
"2015/01/08","17167.10","17067.40","17243.71","17016.09"
"2015/01/09","17197.73","17318.74","17342.65","17129.53"
"2015/01/13","17087.71","16970.88","17087.71","16828.27"
"2015/01/14","16795.96","16961.82","17036.72","16770.56"
"2015/01/15","17108.70","16872.95","17141.98","16856.22"
"2015/01/16","16864.16","16812.96","16864.34","16592.57"
"2015/01/19","17014.29","17000.78","17039.80","16911.58"
"2015/01/20","17366.30","17071.65","17366.30","17066.77"
"2015/01/21","17280.48","17308.72","17329.03","17181.55"
"2015/01/22","17329.02","17306.64","17355.74","17229.21"
"2015/01/23","17511.75","17520.63","17532.06","17460.76"
"2015/01/26","17468.52","17285.71","17471.94","17285.71"
"2015/01/27","17768.30","17649.40","17768.41","17633.47"
"2015/01/28","17795.73","17615.93","17850.59","17615.93"
"2015/01/29","17606.22","17666.91","17778.83","17575.10"
"2015/01/30","17674.39","17788.74","17808.47","17661.10"
"2015/02/02","17558.04","17536.61","17628.40","17459.45"
"2015/02/03","17335.85","17654.60","17654.60","17271.87"
"2015/02/04","17678.74","17549.30","17743.11","17535.04"
"2015/02/05","17504.62","17589.21","17619.34","17484.67"
"2015/02/06","17648.50","17696.18","17700.67","17603.07"
"2015/02/09","17711.93","17790.31","17799.49","17653.61"
"2015/02/10","17652.68","17662.67","17673.27","17550.03"
"2015/02/12","17979.72","17899.40","18005.45","17884.34"
"2015/02/13","17913.36","17892.10","17962.11","17864.55"
"2015/02/16","18004.77","18024.01","18074.26","17978.90"
"2015/02/17","17987.09","17949.70","18009.45","17901.26"
"2015/02/18","18199.17","18103.98","18202.61","18092.32"
"2015/02/19","18264.79","18237.35","18322.50","18237.35"
"2015/02/20","18332.30","18336.50","18360.92","18297.67"
"2015/02/23","18466.92","18499.58","18509.08","18402.02"
"2015/02/24","18603.48","18468.39","18603.48","18427.98"
"2015/02/25","18585.20","18636.34","18648.77","18552.81"
"2015/02/26","18785.79","18587.87","18790.83","18587.13"
"2015/02/27","18797.94","18844.28","18865.39","18714.64"
"2015/03/02","18826.88","18869.40","18939.17","18775.23"
"2015/03/03","18815.16","18910.52","18910.52","18730.57"
"2015/03/04","18703.60","18716.78","18732.66","18586.84"
"2015/03/05","18751.84","18658.16","18767.50","18655.36"
"2015/03/06","18971.00","18814.85","18979.64","18808.30"
"2015/03/09","18790.55","18872.96","18878.15","18733.87"
"2015/03/10","18665.11","18891.01","18924.38","18577.06"
"2015/03/11","18723.52","18604.87","18836.93","18583.52"
"2015/03/12","18991.11","18787.10","19008.13","18774.42"
"2015/03/13","19254.25","19119.58","19335.80","19042.25"
"2015/03/16","19246.06","19245.38","19349.20","19226.71"
"2015/03/17","19437.00","19425.89","19479.89","19373.39"
"2015/03/18","19544.48","19407.76","19555.72","19389.24"
"2015/03/19","19476.56","19514.64","19557.17","19312.70"
"2015/03/20","19560.22","19479.71","19565.44","19416.63"
"2015/03/23","19754.36","19607.98","19778.60","19584.73"
"2015/03/24","19713.45","19718.99","19770.64","19646.35"
"2015/03/25","19746.20","19745.75","19775.45","19542.22"
"2015/03/26","19471.12","19605.60","19623.11","19397.01"
"2015/03/27","19285.63","19374.72","19590.03","19099.87"
"2015/03/30","19411.40","19295.21","19474.07","19227.29"
"2015/03/31","19206.99","19592.43","19607.25","19206.99"
"2015/04/01","19034.84","19129.75","19195.23","18927.95"
"2015/04/02","19312.79","19141.93","19433.89","19115.14"
"2015/04/03","19435.08","19289.04","19435.08","19289.04"
"2015/04/06","19397.98","19295.03","19424.09","19241.29"
"2015/04/07","19640.54","19539.03","19667.48","19501.31"
"2015/04/08","19789.81","19729.70","19845.53","19693.63"
"2015/04/09","19937.72","19851.12","19957.32","19822.49"
"2015/04/10","19907.63","19989.55","20006.00","19845.31"
"2015/04/13","19905.46","19967.38","19975.66","19825.69"
"2015/04/14","19908.68","19828.65","19922.50","19828.65"
"2015/04/15","19869.76","19838.53","19913.42","19823.86"
"2015/04/16","19885.77","19862.48","19894.35","19742.12"
"2015/04/17","19652.88","19810.40","19815.25","19638.37"
"2015/04/20","19634.49","19501.00","19725.86","19474.23"
"2015/04/21","19909.09","19731.57","19909.09","19678.22"
"2015/04/22","20133.90","19999.84","20144.66","19983.00"
"2015/04/23","20187.65","20227.28","20252.12","20116.19"
"2015/04/24","20020.04","20142.47","20142.47","20013.74"
"2015/04/27","19983.32","20063.80","20069.24","19909.86"
"2015/04/28","20058.95","20068.65","20133.78","20031.71"
"2015/04/30","19520.01","19847.50","19852.66","19502.61"
"2015/05/01","19531.63","19510.85","19549.39","19399.16"
"2015/05/07","19291.99","19356.46","19461.08","19257.85"
"2015/05/08","19379.19","19315.63","19458.75","19302.71"
"2015/05/11","19620.91","19637.58","19679.63","19586.81"
"2015/05/12","19624.84","19608.23","19626.75","19467.65"
"2015/05/13","19764.72","19568.76","19791.88","19494.70"
"2015/05/14","19570.24","19661.52","19717.80","19546.82"
"2015/05/15","19732.92","19693.17","19750.76","19633.75"
"2015/05/18","19890.27","19766.16","19890.27","19741.22"
"2015/05/19","20026.38","19977.14","20087.70","19946.75"
"2015/05/20","20196.56","20175.59","20278.89","20148.51"
"2015/05/21","20202.87","20215.46","20320.90","20175.78"
"2015/05/22","20264.41","20208.85","20278.31","20130.84"
"2015/05/25","20413.77","20331.92","20417.77","20318.54"
"2015/05/26","20437.48","20431.27","20473.85","20378.77"
"2015/05/27","20472.58","20380.64","20513.22","20363.21"
"2015/05/28","20551.46","20590.28","20655.33","20473.27"
"2015/05/29","20563.15","20510.27","20636.41","20508.40"
"2015/06/01","20569.87","20444.54","20595.41","20410.27"
"2015/06/02","20543.19","20604.67","20619.61","20470.26"
"2015/06/03","20473.51","20443.15","20506.35","20397.73"
"2015/06/04","20488.19","20539.94","20552.46","20438.21"
"2015/06/05","20460.90","20398.76","20480.25","20363.18"
"2015/06/08","20457.19","20537.85","20544.94","20359.06"
"2015/06/09","20096.30","20293.05","20332.42","20095.48"
"2015/06/10","20046.36","20126.36","20264.92","20016.32"
"2015/06/11","20382.97","20183.61","20382.97","20178.04"
"2015/06/12","20407.08","20431.78","20437.26","20331.19"
"2015/06/15","20387.79","20205.10","20401.48","20205.10"
"2015/06/16","20257.94","20332.83","20368.21","20234.16"
"2015/06/17","20219.27","20306.10","20323.08","20126.57"
"2015/06/18","19990.82","20193.59","20200.51","19990.55"
"2015/06/19","20174.24","20152.41","20194.45","20075.91"
"2015/06/22","20428.19","20174.14","20433.30","20174.14"
"2015/06/23","20809.42","20547.74","20809.42","20531.13"
"2015/06/24","20868.03","20889.32","20952.71","20838.22"
"2015/06/25","20771.40","20777.69","20866.58","20758.60"
"2015/06/26","20706.15","20758.43","20785.76","20650.00"
"2015/06/29","20109.95","20305.97","20361.60","20093.16"
"2015/06/30","20235.73","20174.61","20243.18","20118.26"
"2015/07/01","20329.32","20291.05","20346.74","20225.27"
"2015/07/02","20522.50","20565.94","20601.73","20479.85"
"2015/07/03","20539.79","20476.69","20557.51","20431.25"
"2015/07/06","20112.12","20200.15","20310.72","20012.23"
"2015/07/07","20376.59","20354.23","20428.00","20337.18"
"2015/07/08","19737.64","20282.49","20310.89","19737.64"
"2015/07/09","19855.50","19422.78","19855.50","19115.20"
"2015/07/10","19779.83","19829.93","19978.24","19720.15"
"2015/07/13","20089.77","19929.92","20120.15","19911.39"
"2015/07/14","20385.33","20355.33","20435.53","20322.20"
"2015/07/15","20463.33","20478.85","20496.60","20401.09"
"2015/07/16","20600.12","20588.98","20612.50","20522.25"
"2015/07/17","20650.92","20646.63","20658.95","20611.22"
"2015/07/21","20841.97","20763.31","20850.00","20710.34"
"2015/07/22","20593.67","20657.80","20677.84","20576.19"
"2015/07/23","20683.95","20693.57","20708.23","20648.76"
"2015/07/24","20544.53","20603.63","20631.54","20527.78"
"2015/07/27","20350.10","20374.05","20486.93","20278.73"
"2015/07/28","20328.89","20188.57","20423.58","20070.62"
"2015/07/29","20302.91","20425.69","20425.69","20205.21"
"2015/07/30","20522.83","20450.61","20583.57","20443.89"
"2015/07/31","20585.24","20506.55","20585.24","20466.80"
"2015/08/03","20548.11","20540.21","20562.20","20396.50"
"2015/08/04","20520.36","20462.18","20552.04","20448.49"
"2015/08/05","20614.06","20490.15","20715.48","20469.87"
"2015/08/06","20664.44","20768.77","20817.48","20664.44"
"2015/08/07","20724.56","20601.57","20754.00","20567.51"
"2015/08/10","20808.69","20618.31","20820.86","20617.05"
"2015/08/11","20720.75","20920.60","20946.93","20582.01"
"2015/08/12","20392.77","20632.68","20703.20","20303.02"
"2015/08/13","20595.55","20392.54","20633.91","20306.98"
"2015/08/14","20519.45","20518.36","20605.46","20484.67"
"2015/08/17","20620.26","20600.16","20668.87","20541.00"
"2015/08/18","20554.47","20640.59","20663.18","20545.25"
"2015/08/19","20222.63","20467.49","20521.97","20218.03"
"2015/08/20","20033.52","20194.26","20246.47","20033.29"
"2015/08/21","19435.83","19711.34","19737.54","19435.83"
"2015/08/24","18540.68","19075.05","19154.65","18498.80"
"2015/08/25","17806.70","18171.66","18835.35","17747.50"
"2015/08/26","18376.83","17894.29","18442.84","17714.30"
"2015/08/27","18574.44","18680.47","18810.05","18486.46"
"2015/08/28","19136.32","18908.73","19192.82","18901.09"
"2015/08/31","18890.48","19006.98","19019.61","18749.77"
"2015/09/01","18165.69","18763.72","18777.47","18165.69"
"2015/09/02","18095.40","17861.81","18467.44","17857.30"
"2015/09/03","18182.39","18359.53","18481.57","18176.75"
"2015/09/04","17792.16","18312.13","18312.13","17608.17"
"2015/09/07","17860.47","17674.82","18013.64","17478.72"
"2015/09/08","17427.08","17941.91","17962.56","17415.61"
"2015/09/09","18770.51","17758.13","18770.51","17756.76"
"2015/09/10","18299.62","18418.64","18420.56","17956.15"
"2015/09/11","18264.22","18155.71","18362.99","18124.35"
"2015/09/14","17965.70","18341.01","18344.07","17925.09"
"2015/09/15","18026.48","18082.72","18329.57","17995.98"
"2015/09/16","18171.60","18238.15","18291.97","18094.99"
"2015/09/17","18432.27","18361.99","18468.20","18289.63"
"2015/09/18","18070.21","18275.48","18295.90","18069.50"
"2015/09/24","17571.83","17803.41","17865.84","17571.83"
"2015/09/25","17880.51","17618.30","17880.51","17483.69"
"2015/09/28","17645.11","17811.12","17886.49","17562.60"
"2015/09/29","16930.84","17359.38","17366.95","16901.49"
"2015/09/30","17388.15","17193.84","17460.97","17179.40"
"2015/10/01","17722.42","17479.97","17831.58","17389.57"
"2015/10/02","17725.13","17564.39","17775.77","17537.85"
"2015/10/05","18005.49","17921.00","18079.46","17869.74"
"2015/10/06","18186.10","18302.41","18372.72","18094.85"
"2015/10/07","18322.98","18168.20","18379.23","18043.08"
"2015/10/08","18141.17","18310.62","18400.69","18121.68"
"2015/10/09","18438.67","18281.51","18438.67","18184.96"
"2015/10/13","18234.74","18335.15","18359.71","18223.80"
"2015/10/14","17891.00","18106.66","18126.39","17831.53"
"2015/10/15","18096.90","17804.91","18170.67","17758.12"
"2015/10/16","18291.80","18300.83","18397.52","18238.78"
"2015/10/19","18131.23","18282.78","18314.09","18078.43"
"2015/10/20","18207.15","18245.54","18253.13","18147.98"
"2015/10/21","18554.28","18167.64","18605.41","18167.64"
"2015/10/22","18435.87","18443.69","18579.14","18376.01"
"2015/10/23","18825.30","18762.65","18915.64","18746.61"
"2015/10/26","18947.12","19036.13","19088.76","18937.45"
"2015/10/27","18777.04","18961.16","18964.99","18760.79"
"2015/10/28","18903.02","18826.94","18925.51","18815.12"
"2015/10/29","18935.71","19046.16","19080.89","18809.48"
"2015/10/30","19083.10","18924.31","19202.34","18784.69"
"2015/11/02","18683.24","18827.11","18861.11","18641.22"
"2015/11/04","18926.91","18941.32","19151.89","18926.91"
"2015/11/05","19116.41","19029.44","19167.09","18995.96"
"2015/11/06","19265.60","19194.34","19294.15","19164.86"
"2015/11/09","19642.74","19411.51","19684.41","19389.74"
"2015/11/10","19671.26","19457.05","19674.05","19457.05"
"2015/11/11","19691.39","19602.01","19724.12","19602.01"
"2015/11/12","19697.77","19644.65","19725.83","19597.99"
"2015/11/13","19596.91","19495.26","19601.49","19388.91"
"2015/11/16","19393.69","19263.96","19451.09","19252.04"
"2015/11/17","19630.63","19641.67","19726.01","19628.84"
"2015/11/18","19649.18","19771.86","19840.00","19643.97"
"2015/11/19","19859.81","19851.24","19959.06","19761.56"
"2015/11/20","19879.81","19800.20","19879.81","19715.74"
"2015/11/24","19924.89","19875.99","19954.00","19834.76"
"2015/11/25","19847.58","19856.84","19871.75","19786.53"
"2015/11/26","19944.41","19929.97","19992.44","19926.10"
"2015/11/27","19883.94","19994.05","19994.05","19831.25"
"2015/11/30","19747.47","19857.38","19867.95","19707.67"
"2015/12/01","20012.40","19799.08","20012.40","19797.55"
"2015/12/02","19938.13","19957.50","20002.12","19926.22"
"2015/12/03","19939.90","19894.63","19967.88","19862.74"
"2015/12/04","19504.48","19616.52","19660.90","19444.54"
"2015/12/07","19698.15","19710.39","19811.51","19677.21"
"2015/12/08","19492.60","19689.87","19764.21","19475.28"
"2015/12/09","19301.07","19391.50","19475.40","19260.12"
"2015/12/10","19046.55","19070.02","19125.06","19025.78"
"2015/12/11","19230.48","19020.75","19282.21","19020.75"
"2015/12/14","18883.42","18887.09","18911.78","18611.09"
"2015/12/15","18565.90","18869.04","18897.87","18562.51"
"2015/12/16","19049.91","18868.20","19054.89","18859.11"
"2015/12/17","19353.56","19364.57","19507.17","19325.15"
"2015/12/18","18986.80","19320.46","19869.08","18982.25"
"2015/12/21","18916.02","18845.50","18979.83","18651.13"
"2015/12/22","18886.70","18927.86","18943.46","18824.65"
"2015/12/24","18789.69","19071.41","19071.41","18780.94"
"2015/12/25","18769.06","18823.91","18870.70","18744.44"
"2015/12/28","18873.35","18838.91","18922.90","18764.54"
"2015/12/29","18982.23","18843.39","18991.01","18783.36"
"2015/12/30","19033.71","19070.83","19113.18","19017.27"
"2016/01/04","18450.98","18818.58","18951.12","18394.43"
"2016/01/05","18374.00","18398.76","18547.38","18327.52"
"2016/01/06","18191.32","18410.57","18469.38","18064.30"
"2016/01/07","17767.34","18139.77","18172.04","17767.34"
"2016/01/08","17697.96","17562.23","17975.31","17509.64"
"2016/01/12","17218.96","17470.93","17546.57","17184.78"
"2016/01/13","17715.63","17449.12","17717.75","17414.55"
"2016/01/14","17240.95","17384.93","17393.83","16944.41"
"2016/01/15","17147.11","17522.46","17597.87","17057.60"
"2016/01/18","16955.57","16826.93","17037.26","16665.05"
"2016/01/19","17048.37","16902.29","17088.31","16812.65"
"2016/01/20","16416.19","17030.28","17031.32","16387.61"
"2016/01/21","16017.26","16466.86","16734.58","16017.26"
"2016/01/22","16958.53","16336.72","16993.96","16332.45"
"2016/01/25","17110.91","17145.81","17208.24","16922.21"
"2016/01/26","16708.90","16833.13","16839.52","16652.26"
"2016/01/27","17163.92","16949.19","17242.27","16947.95"
"2016/01/28","17041.45","17059.84","17235.44","16942.13"
"2016/01/29","17518.30","17155.06","17638.93","16767.09"
"2016/02/01","17865.23","17699.60","17905.37","17666.48"
"2016/02/02","17750.68","17716.52","17864.70","17684.66"
"2016/02/03","17191.25","17497.41","17515.68","17080.57"
"2016/02/04","17044.99","17071.11","17209.56","16941.88"
"2016/02/05","16819.59","16790.53","16893.12","16627.80"
"2016/02/08","17004.30","16620.91","17099.01","16552.30"
"2016/02/09","16085.44","16666.79","16668.70","16025.94"
"2016/02/10","15713.39","16127.86","16163.03","15429.99"
"2016/02/12","14952.61","15426.27","15437.22","14865.77"
"2016/02/15","16022.58","15248.38","16155.10","15243.88"
"2016/02/16","16054.43","15849.47","16341.56","15809.58"
"2016/02/17","15836.36","16035.35","16214.46","15632.12"
"2016/02/18","16196.80","16138.08","16337.59","16118.80"
"2016/02/19","15967.17","16050.40","16050.46","15799.35"
"2016/02/22","16111.05","15851.39","16187.40","15816.83"
"2016/02/23","16052.05","16230.38","16350.38","16001.19"
"2016/02/24","15915.79","15851.13","16006.45","15753.77"
"2016/02/25","16140.34","15983.47","16218.29","15953.93"
"2016/02/26","16188.41","16311.52","16472.50","16188.41"
"2016/02/29","16026.76","16313.31","16464.75","16026.76"
"2016/03/01","16085.51","16013.00","16099.42","15857.37"
"2016/03/02","16746.55","16391.48","16815.25","16388.92"
"2016/03/03","16960.16","16695.78","16962.95","16691.94"
"2016/03/04","17014.78","16927.36","17042.92","16861.38"
"2016/03/07","16911.32","17024.64","17026.25","16894.58"
"2016/03/08","16783.15","16889.48","16909.79","16570.22"
"2016/03/09","16642.20","16625.59","16706.25","16494.80"
"2016/03/10","16852.35","16811.00","16887.60","16713.13"
"2016/03/11","16938.87","16610.18","17015.30","16575.75"
"2016/03/14","17233.75","17155.52","17291.35","17149.21"
"2016/03/15","17117.07","17219.89","17279.30","17042.56"
"2016/03/16","16974.45","16981.36","17102.45","16950.84"
"2016/03/17","16936.38","17107.60","17253.03","16814.84"
"2016/03/18","16724.81","16883.75","16920.91","16613.69"
"2016/03/22","17048.55","16937.31","17107.80","16851.21"
"2016/03/23","17000.98","17066.27","17142.08","16964.31"
"2016/03/24","16892.33","16979.39","17041.16","16843.99"
"2016/03/25","17002.75","16949.53","17026.14","16889.40"
"2016/03/28","17134.37","17129.27","17167.88","16961.41"
"2016/03/29","17103.53","16985.28","17137.20","16948.43"
"2016/03/30","16878.96","17078.03","17078.03","16875.91"
"2016/03/31","16758.67","16997.14","17033.65","16758.67"
"2016/04/01","16164.16","16719.56","16719.56","16113.01"
"2016/04/04","16123.27","16087.76","16238.51","16029.50"
"2016/04/05","15732.82","16044.23","16066.18","15698.55"
"2016/04/06","15715.36","15727.70","15828.61","15612.91"
"2016/04/07","15749.84","15739.26","15871.10","15636.21"
"2016/04/08","15821.52","15597.04","16027.63","15471.80"
"2016/04/11","15751.13","15761.57","15778.74","15525.49"
"2016/04/12","15928.79","15719.24","15963.03","15693.61"
"2016/04/13","16381.22","16142.71","16405.59","16132.23"
"2016/04/14","16911.05","16629.83","16911.05","16602.17"
"2016/04/15","16848.03","16720.39","16928.67","16720.39"
"2016/04/18","16275.95","16521.25","16526.90","16254.20"
"2016/04/19","16874.44","16582.66","16900.33","16570.50"
"2016/04/20","16906.54","17053.83","17099.36","16870.73"
"2016/04/21","17363.62","17187.27","17381.70","17144.53"
"2016/04/22","17572.49","17220.47","17572.49","17192.39"
"2016/04/25","17439.30","17613.56","17613.56","17403.87"
"2016/04/26","17353.28","17358.56","17426.02","17200.50"
"2016/04/27","17290.49","17369.68","17417.54","17230.23"
"2016/04/28","16666.05","17438.99","17572.27","16652.74"
"2016/05/02","16147.38","16357.10","16357.10","15975.47"
"2016/05/06","16106.72","16212.67","16271.61","15989.35"
"2016/05/09","16216.03","16226.57","16292.86","16159.31"
"2016/05/10","16565.19","16307.50","16587.63","16229.15"
"2016/05/11","16579.01","16736.72","16814.64","16536.61"
"2016/05/12","16646.34","16459.69","16658.07","16374.59"
"2016/05/13","16412.21","16804.17","16804.17","16400.87"
"2016/05/16","16466.40","16391.92","16632.62","16391.92"
"2016/05/17","16652.80","16618.95","16655.89","16509.31"
"2016/05/18","16644.69","16611.40","16795.47","16513.17"
"2016/05/19","16646.66","16807.46","16841.04","16590.16"
"2016/05/20","16736.35","16594.99","16770.87","16548.34"
"2016/05/23","16654.60","16671.28","16691.50","16417.84"
"2016/05/24","16498.76","16605.04","16605.04","16471.37"
"2016/05/25","16757.35","16764.35","16806.03","16731.12"
"2016/05/26","16772.46","16927.69","16957.56","16743.17"
"2016/05/27","16834.84","16830.50","16901.09","16792.73"
"2016/05/30","17068.02","16973.72","17068.02","16910.19"
"2016/05/31","17234.98","17029.46","17251.36","16988.64"
"2016/06/01","16955.73","17097.22","17145.95","16908.92"
"2016/06/02","16562.55","16817.26","16819.85","16525.47"
"2016/06/03","16642.23","16599.51","16716.14","16554.60"
"2016/06/06","16580.03","16373.32","16581.30","16322.64"
"2016/06/07","16675.45","16651.05","16701.01","16536.23"
"2016/06/08","16830.92","16722.49","16830.92","16581.71"
"2016/06/09","16668.41","16742.03","16785.83","16587.77"
"2016/06/10","16601.36","16637.51","16643.36","16496.11"
"2016/06/13","16019.18","16319.11","16335.38","16019.18"
"2016/06/14","15859.00","16001.19","16082.50","15762.09"
"2016/06/15","15919.58","15799.07","15997.30","15752.01"
"2016/06/16","15434.14","15871.22","15913.08","15395.98"
"2016/06/17","15599.66","15631.79","15774.87","15582.94"
"2016/06/20","15965.30","15839.06","16035.44","15835.86"
"2016/06/21","16169.11","15875.81","16202.30","15770.96"
"2016/06/22","16065.72","16095.81","16160.99","15980.65"
"2016/06/23","16238.35","16098.61","16263.87","16057.86"
"2016/06/24","14952.02","16333.87","16389.17","14864.01"
"2016/06/27","15309.21","15153.08","15323.95","15061.66"
"2016/06/28","15323.14","15094.71","15443.82","14987.79"
"2016/06/29","15566.83","15523.35","15626.66","15398.31"
"2016/06/30","15575.92","15752.71","15781.69","15575.92"
"2016/07/01","15682.48","15698.02","15765.00","15635.57"
"2016/07/04","15775.80","15554.04","15805.31","15553.92"
"2016/07/05","15669.33","15682.16","15702.04","15602.73"
"2016/07/06","15378.99","15434.46","15434.46","15167.98"
"2016/07/07","15276.24","15346.81","15418.90","15241.91"
"2016/07/08","15106.98","15326.84","15399.70","15106.52"
"2016/07/11","15708.82","15375.94","15816.67","15375.94"
"2016/07/12","16095.65","15961.30","16237.62","15956.91"
"2016/07/13","16231.43","16343.00","16444.25","16196.44"
"2016/07/14","16385.89","16242.20","16398.73","16229.26"
"2016/07/15","16497.85","16396.12","16607.32","16396.12"
"2016/07/19","16723.31","16612.09","16726.71","16514.66"
"2016/07/20","16681.89","16646.92","16692.84","16554.03"
"2016/07/21","16810.22","16855.18","16938.96","16740.00"
"2016/07/22","16627.25","16612.90","16691.81","16566.98"
"2016/07/25","16620.29","16655.81","16778.65","16612.33"
"2016/07/26","16383.04","16535.81","16535.81","16323.10"
"2016/07/27","16664.82","16526.06","16821.43","16526.06"
"2016/07/28","16476.84","16596.15","16616.28","16450.28"
"2016/07/29","16569.27","16359.68","16679.19","16174.35"
"2016/08/01","16635.77","16415.31","16677.49","16319.15"
"2016/08/02","16391.45","16469.68","16541.88","16391.45"
"2016/08/03","16083.11","16227.28","16275.34","16056.67"
"2016/08/04","16254.89","16168.34","16270.12","15921.04"
"2016/08/05","16254.45","16278.99","16355.98","16230.70"
"2016/08/08","16650.57","16462.29","16652.04","16455.57"
"2016/08/09","16764.97","16632.41","16779.59","16630.56"
"2016/08/10","16735.12","16699.08","16822.86","16657.59"
"2016/08/12","16919.92","16877.18","16943.67","16818.43"
"2016/08/15","16869.56","16866.89","16932.11","16844.58"
"2016/08/16","16596.51","16878.66","16887.57","16596.51"
"2016/08/17","16745.64","16596.26","16772.11","16596.26"
"2016/08/18","16486.01","16649.91","16714.61","16481.41"
"2016/08/19","16545.82","16558.38","16613.04","16452.62"
"2016/08/22","16598.19","16599.26","16631.23","16540.94"
"2016/08/23","16497.36","16549.82","16663.64","16452.01"
"2016/08/24","16597.30","16550.21","16648.07","16544.39"
"2016/08/25","16555.95","16580.15","16628.79","16520.84"
"2016/08/26","16360.71","16485.55","16490.53","16320.43"
"2016/08/29","16737.49","16631.06","16764.64","16616.65"
"2016/08/30","16725.36","16690.98","16752.16","16677.85"
"2016/08/31","16887.40","16857.83","16917.86","16836.96"
"2016/09/01","16926.84","16885.16","16941.18","16864.56"
"2016/09/02","16925.68","16903.78","16946.49","16848.12"
"2016/09/05","17037.63","17131.52","17156.36","17009.21"
"2016/09/06","17081.98","17035.03","17097.59","17022.64"
"2016/09/07","17012.44","16937.38","17024.26","16903.20"
"2016/09/08","16958.77","16984.00","17001.84","16836.65"
"2016/09/09","16965.76","16994.37","17029.78","16902.09"
"2016/09/12","16672.92","16748.36","16802.00","16601.54"
"2016/09/13","16729.04","16764.65","16787.06","16658.40"
"2016/09/14","16614.24","16632.06","16706.61","16585.80"
"2016/09/15","16405.01","16512.42","16528.02","16359.78"
"2016/09/16","16519.29","16458.74","16532.84","16415.86"
"2016/09/20","16492.15","16403.22","16591.70","16403.22"
"2016/09/21","16807.62","16471.85","16823.63","16399.65"
"2016/09/23","16754.02","16759.84","16808.59","16725.53"
"2016/09/13","16729.04","16764.65","16787.06","16658.40"
"2016/09/23","16754.02","16759.84","16808.59","16725.53"
"2016/09/26","16544.56","16707.45","16707.45","16514.93"
"2016/09/27","16683.93","16390.91","16683.93","16285.41"
"2016/09/28","16465.40","16504.99","16515.84","16385.03"
"2016/09/29","16693.71","16606.30","16756.43","16584.14"
"2016/09/30","16449.84","16474.45","16497.55","16407.78"
"2016/10/03","16598.67","16566.03","16652.16","16554.83"
"2016/10/04","16735.65","16661.51","16747.20","16637.82"
"2016/10/05","16819.24","16787.89","16844.35","16728.19"
"2016/10/06","16899.10","16913.60","16971.28","16888.77"
"2016/10/07","16860.09","16883.12","16895.13","16820.21"
"2016/10/11","17024.76","16936.31","17074.46","16931.12"
"2016/10/12","16840.00","16850.73","16951.54","16839.41"
"2016/10/13","16774.24","16923.82","16974.25","16739.73"
"2016/10/14","16856.37","16751.04","16866.56","16727.78"
"2016/10/17","16900.12","16871.84","16954.44","16821.49"
"2016/10/18","16963.61","16862.31","16966.90","16844.17"
"2016/10/19","16998.91","16952.91","17016.66","16938.46"
"2016/10/20","17235.50","16999.36","17235.50","16992.14"
"2016/10/21","17184.59","17283.75","17288.89","17151.98"
"2016/10/24","17234.42","17216.56","17244.74","17162.21"
"2016/10/25","17365.25","17298.63","17381.80","17298.63"
"2016/10/26","17391.84","17329.03","17391.84","17295.46"
"2016/10/27","17336.42","17346.39","17414.21","17278.12"
"2016/10/28","17446.41","17448.25","17461.03","17406.72"
"2016/10/31","17425.02","17360.89","17433.13","17327.62"
"2016/11/01","17442.40","17380.54","17473.12","17339.64"
"2016/11/02","17134.68","17238.00","17283.60","17080.59"
"2016/11/04","16905.36","16964.50","16996.09","16801.98"
"2016/11/07","17177.21","17126.03","17186.89","17056.84"
"2016/11/08","17171.38","17242.70","17247.04","17130.83"
"2016/11/09","16251.54","17281.95","17427.71","16111.81"
"2016/11/10","17344.42","16562.86","17393.82","16560.66"
"2016/11/11","17374.79","17526.61","17621.73","17333.49"
"2016/11/14","17672.62","17467.49","17697.33","17455.78"
"2016/11/15","17668.15","17690.22","17727.58","17605.77"
"2016/11/16","17862.21","17832.51","17886.44","17807.47"
"2016/11/17","17862.63","17766.61","17884.06","17764.08"
"2016/11/18","17967.41","18024.21","18043.72","17967.41"
"2016/11/21","18106.02","18038.09","18129.03","18007.79"
"2016/11/22","18162.94","18091.05","18175.63","18050.55"
"2016/11/24","18333.41","18329.78","18382.72","18310.31"
"2016/11/25","18381.22","18387.59","18482.94","18288.50"
"2016/11/28","18356.89","18302.58","18374.93","18222.82"
"2016/11/29","18307.04","18263.63","18327.51","18258.82"
"2016/11/30","18308.48","18356.03","18370.31","18280.66"
"2016/12/01","18513.12","18535.24","18746.28","18469.27"
"2016/12/02","18426.08","18435.55","18469.68","18315.38"
"2016/12/05","18274.99","18349.92","18365.74","18227.39"
"2016/12/06","18360.54","18457.20","18484.80","18318.99"
"2016/12/07","18496.69","18434.54","18502.47","18410.88"
"2016/12/08","18765.47","18674.19","18765.47","18614.01"
"2016/12/09","18996.37","18839.98","19042.48","18821.41"
